StartDate,EndDate,Status,IPAddress,Progress,Duration (in seconds),Finished,RecordedDate,ResponseId,RecipientLastName,RecipientFirstName,RecipientEmail,ExternalReference,LocationLatitude,LocationLongitude,DistributionChannel,UserLanguage,Q1606,Q1796,Q1762,MFSQ492,Q1644,Q1645,Q1646,Q1647,Q1648,Q1649,Q1650,Q1651,Q1652,Q1653,Q1654,Q1655,Q1656,Q1657,Q1658,attention_check.1,Q1660,Q1732,Q1733,Q1734,Q1735,Q1736,Q1737,Q1738,Q1739,Q1740,Q1741,Q1742,Q1743,Q1744,Q1745,Q1746,attention_check.2,BIG5_1,BIG5_2,BIG5_3,BIG5_4,BIG5_5,BIG5_6,BIG5_7,BIG5_8,BIG5_9,BIG5_10,BIG5_11,BIG5_12,BIG5_13,BIG5_14,BIG5_15,BIG5_16,BIG5_17,BIG5_18,BIG5_19,BIG5_20,BIG5_21,BIG5_22,BIG5_23,BIG5_24,BIG5_25,BIG5_26,BIG5_27,BIG5_28,BIG5_29,BIG5_30,BIG5_31,BIG5_32,BIG5_33,BIG5_34,BIG5_35,BIG5_36,BIG5_37,BIG5_38,BIG5_39,BIG5_40,BIG5_41,BIG5_42,BIG5_43,BIG5_44,BIG5_45,BIG5_46,BIG5_47,BIG5_48,BIG5_49,BIG5_50,BIG5_51,BIG5_52,BIG5_53,BIG5_54,BIG5_55,BIG5_56,BIG5_57,BIG5_58,BIG5_59,BIG5_60,sex,age_4,race_ethnicity,education,Q1538,Q1539,Q1540,Q1541,Q1542,Q1543,Q1544,Q1545,income,Q1547,Q1567,Q1548,political_aff,Q1550,Q1551,republican,democrat,independent,conservative,liberal,POWER,SELF-DIRECTION,ACHIEVEMENT,HEDONISM,STIMULATION,UNIVERSALISM,attention_check.3,BENEVOLENCE,TRADITION,CONFORMITY,SECURITY,Q1569_1,Q1569_2,Q1569_3,Q1569_4,Q1569_5,Q1569_6,Q1578_1,Q1758,Q1759,Q1792,Q1793,Q1794,Q1763,Q1764,Q1765,Q1766,Q1767,Q1768,Q1769,Q1770,Q1771,Q1772,Q1773,Q1774,Q1775,Q1776,Q1777,Q1778,Q1779,Q1800,Q1780,Q1781,Q1782,Q1783,Q1784,Q1612_1,Q1786,Q1787,Q1788,Q1622,Q1789,Q1790,Q1791,Q1634_1,Q1634_2A,Q1634_2B,Q1634_3,Q1797,Q1802_1,Q1802_2,Q1802_3,Q1802_4,Q1802_5,Q1802_6,Q1802_7,SC0,completion code
3/12/20 19:02,3/12/20 19:08,0,196.17.67.91,100,357,1,3/12/20 19:08,R_2qyFy0ORacEErYZ,,,,,34.05439758,-118.2440033,anonymous,EN,aV7OwysJ,,1,4,3,4,3,4,3,4,3,4,3,4,3,4,3,4,2,0,4,3,4,3,4,3,4,3,4,2,4,3,4,3,4,3,1,4,3,4,4,2,4,3,5,4,4,4,2,4,3,4,4,3,4,4,3,4,4,2,4,3,4,4,3,4,2,4,3,4,3,4,4,2,4,3,5,2,4,3,4,4,3,4,2,4,3,4,3,4,3,4,4,2,4,3,4,1,28,2,4,1,1,2,2,4,3,2,3,55000,IT,16,"IT, Sofware Engineer",2,0,1,6,5,6,5,6,7,5,7,5,7,3,,7,6,7,3,2,2,3,3,3,2,4,3,3,4,3,4,3,4,3,4,3,4,2,4,2,4,2,4,2,4,3,4,3,,4,4,4,3,4,5,4,5,4,5,4,4,5,6,3,10,6,,,,,,,,,560,R_2qyFy0ORacEErYZ
3/12/20 18:59,3/12/20 19:08,0,73.138.104.199,100,550,1,3/12/20 19:08,R_20VtsEPwCmS1GQ4,,,,,25.77029419,-80.2071991,anonymous,EN,w5DG17p0,,1,4,3,3,5,1,0,3,3,4,2,5,4,5,2,4,0,1,5,5,5,4,5,5,5,5,0,0,0,5,0,4,5,5,1,1,1,1,5,5,5,5,1,5,4,2,1,5,1,4,5,5,5,1,1,5,1,1,5,1,3,1,1,5,2,5,1,5,1,1,1,4,5,1,4,2,5,5,5,1,1,5,1,5,5,1,5,5,1,1,2,1,1,1,4,1,28,2,3,1,1,2,2,2,4,1,1,55000,computer science,16,full time manager,2,1,0,7,1,1,7,1,8,8,8,6,8,1,,1,1,1,4,2,1,2,1,1,1,3,1,4,5,1,1,1,2,1,1,3,1,5,5,1,5,1,5,5,1,2,1,5,,1,3,5,1,3,1,3,2,3,6,6,6,6,100,25,10,10,,,,,,,,,501,R_20VtsEPwCmS1GQ4
3/12/20 18:59,3/12/20 19:10,0,69.23.233.96,100,645,1,3/12/20 19:10,R_1Nm0X6PjEU12kFa,,,,,38.2131958,-84.54550171,anonymous,EN,ZAtx6CUR,,1,0,5,0,3,0,0,0,0,0,0,0,5,0,0,5,0,1,5,5,5,5,3,5,5,5,0,5,3,3,0,3,5,5,1,5,1,1,5,5,5,5,1,5,5,5,2,5,1,5,3,5,5,4,1,5,1,1,5,1,1,1,1,5,5,1,5,5,1,1,1,1,5,1,5,5,5,5,5,3,3,5,1,5,5,1,5,5,1,3,5,1,1,1,5,2,43,2,3,8,8,1,1,1,1,1,2,77000,Healthcare Administration - Business,16,Health Insurance - Manager,2,0,0,7,1,1,7,1,4,4,4,1,4,4,,4,4,1,4,2,1,1,1,1,1,1,3,1,5,1,1,5,5,5,1,5,5,5,5,1,1,1,4,5,1,5,1,1,,1,5,1,1,5,4,4,4,4,6,6,6,6,40,25,20,5,,,,,,,,,509,R_1Nm0X6PjEU12kFa
3/12/20 19:01,3/12/20 19:10,0,47.39.22.254,100,559,1,3/12/20 19:10,R_2zu9MMk3P0gFcM8,,,,,43.21510315,-124.1983948,anonymous,EN,2OsQQK3Z,,1,4,5,0,2,1,0,4,5,1,0,0,5,5,1,3,0,1,5,5,0,4,1,5,4,4,3,1,3,4,4,3,2,0,1,1,5,5,1,4,4,4,5,1,5,2,5,1,5,5,4,1,2,5,2,2,4,4,2,5,5,4,4,1,4,4,5,2,5,5,2,2,5,5,2,2,5,1,1,1,4,5,4,1,5,2,5,4,5,5,4,2,4,5,4,2,45,2,2,1,11,1,1,1,1,1,1,27000,accounting,14,not working,1,0,0,1,7,2,1,7,1,4,3,4,1,5,,6,1,1,4,2,1,1,1,2,2,1,5,3,2,2,2,2,3,5,4,5,2,2,2,3,1,5,2,4,5,5,5,2,,1,5,1,1,3,4,5,6,6,5,2,5,5,10,35,60,15,,,,,,,,,497,R_2zu9MMk3P0gFcM8
3/12/20 18:58,3/12/20 19:11,0,162.204.57.19,100,802,1,3/12/20 19:11,R_1mr2JUsmUeOYL07,,,,,42.08070374,-88.51699829,anonymous,EN,aPO6mMV7,,1,3,4,3,4,3,4,4,4,4,4,4,3,3,4,3,4,1,3,4,4,4,3,4,3,4,4,4,3,4,4,3,4,4,1,4,4,4,4,4,4,4,2,4,4,4,3,4,4,4,4,3,4,3,4,3,4,4,4,4,4,4,4,4,3,4,4,3,2,4,4,3,4,4,4,4,2,4,4,3,4,4,4,4,4,4,4,4,3,3,3,4,4,4,4,,73,2,2,1,1,2,2,5,4,3,3,39000,none,12,labor,1,1,0,1,7,4,4,6,6,6,6,6,5,5,,5,6,6,6,2,2,2,3,2,1,4,4,3,3,3,4,4,4,4,3,4,4,4,4,4,3,4,3,4,4,4,3,3,,4,4,4,4,4,5,4,5,5,5,4,5,5,10,8,30,60,,,,,,,,,578,R_1mr2JUsmUeOYL07
3/12/20 19:02,3/12/20 19:12,0,8.6.84.157,100,581,1,3/12/20 19:12,R_1FwGjKJUlOtE2zF,,,,,36.52760315,-93.93589783,anonymous,EN,vsJDnjLj,,1,0,1,2,2,4,0,3,4,3,4,4,5,5,3,5,5,1,5,5,5,5,5,5,5,5,5,5,5,0,0,0,3,5,1,1,4,4,5,4,2,5,4,5,5,4,1,5,1,4,5,1,1,1,1,1,1,4,5,1,4,5,4,5,4,4,4,2,1,1,1,1,2,1,5,2,1,5,5,1,1,1,2,5,4,1,5,4,1,5,2,4,1,1,4,1,55,2,1,1,1,4,1,2,6,1,1,12000,none,11,Full time employed Webmaster,2,1,0,7,1,1,7,1,1,8,4,1,1,1,,4,5,4,4,1,1,1,1,1,1,5,4,5,1,1,1,3,1,4,3,1,1,4,4,5,1,2,1,4,4,1,4,3,,1,1,2,1,1,6,6,6,6,6,6,6,6,25,30,20,50,,,,,,,,,496,R_1FwGjKJUlOtE2zF
3/12/20 19:01,3/12/20 19:16,0,24.253.126.227,100,874,1,3/12/20 19:16,R_8BQ40c7Sx7d6HAd,,,,,36.20820618,-115.2957001,anonymous,EN,3eryCPLE,,1,4,4,3,4,4,0,4,4,4,4,0,4,5,4,4,4,1,5,5,3,5,5,5,4,4,4,3,4,5,1,4,5,4,1,2,5,2,4,4,4,4,1,4,5,1,1,5,1,4,4,1,4,1,1,4,1,1,4,4,1,4,1,4,1,4,4,4,1,1,1,1,4,1,5,4,1,4,4,1,4,1,1,4,5,1,4,5,1,1,5,4,1,1,5,2,52,2,4,1,1,2,3,3,6,6,3,42000,business,18,project manager manufacturing,3,1,0,1,1,7,3,5,0,6,6,4,8,3,,8,8,3,8,1,1,1,1,1,1,2,4,1,1,3,1,4,4,5,4,5,3,5,1,1,1,3,1,4,4,5,4,4,,1,5,1,1,4,5,5,6,6,6,5,4,5,10,30,20,20,,,,,,,,,594,R_8BQ40c7Sx7d6HAd
3/12/20 19:13,3/12/20 19:17,0,72.221.114.234,100,242,1,3/12/20 19:17,R_3NVy79nMKmQGsNk,,,,,41.88600159,-71.34570313,anonymous,EN,oEFhKj3D,,1,4,3,4,3,3,2,4,3,3,4,3,3,4,4,3,3,1,4,4,3,4,2,2,3,2,3,2,1,3,4,3,3,2,1,4,3,3,4,2,4,3,4,2,4,4,3,4,3,4,3,4,2,2,4,3,3,2,3,2,4,4,4,3,4,3,2,2,4,3,3,4,4,3,3,3,2,4,2,2,4,4,3,3,2,4,4,4,3,4,4,4,3,4,2,1,30,2,3,1,1,2,3,3,3,3,1,42214,Retail,13,retail,3,0,0,5,4,4,6,4,7,4,7,4,6,3,,5,4,5,4,2,3,2,2,2,1,4,3,4,3,4,2,4,3,3,4,3,4,3,4,2,3,3,4,3,4,3,3,3,,4,4,3,2,3,5,4,3,5,4,3,4,3,20,20,32,25,,,,,,,,,533,R_3NVy79nMKmQGsNk
3/12/20 19:09,3/12/20 19:19,0,138.229.206.3,100,591,1,3/12/20 19:19,R_w7QFfjBnGDJ2RIl,,,,,33.78399658,-118.1853943,anonymous,EN,5ORauwUN,,1,5,5,0,0,5,0,5,2,5,4,0,1,4,3,2,4,1,4,3,4,5,2,4,4,3,4,3,4,5,5,4,3,4,1,1,4,2,4,3,4,4,1,4,1,2,3,4,1,1,2,1,4,4,2,2,4,1,1,2,2,2,1,4,1,1,1,2,2,1,1,1,4,3,2,5,1,4,3,4,4,2,3,4,3,2,4,4,1,2,4,3,4,3,4,1,32,3,3,1,1,3,3,4,5,6,3,35000,computer science,16,cpu support specialist,1,1,0,1,5,3,4,4,2,4,5,1,4,2,,4,3,2,3,1,1,1,1,1,1,2,3,2,3,2,4,3,4,3,2,3,2,4,4,3,4,3,4,2,2,4,4,5,,3,4,3,2,3,2,2,3,2,3,4,3,4,200,25,35,10,,,,,,,,,516,R_w7QFfjBnGDJ2RIl
3/12/20 19:04,3/12/20 19:20,0,97.89.234.97,100,963,1,3/12/20 19:20,R_2fiIdafcT5YEiT9,,,,,35.45019531,-79.13619995,anonymous,EN,lkC8NMWO,,1,5,5,5,5,5,0,5,5,5,5,5,5,5,5,5,5,1,5,5,1,2,5,5,5,5,3,4,5,5,5,3,1,5,1,2,5,3,3,4,2,5,3,3,4,4,4,4,2,2,5,1,3,2,4,2,2,5,2,3,4,5,3,4,4,4,4,2,4,4,5,2,2,3,3,3,4,4,4,4,2,2,3,2,2,4,4,4,3,4,2,4,3,2,2,2,39,8,2,3,3,3,3,3,6,1,3,19000,Medical Office Admin,13,student,1,1,0,1,4,6,6,6,4,8,8,4,4,8,,8,8,8,8,2,1,1,1,1,2,5,5,1,1,1,3,3,5,5,5,5,2,3,2,3,5,4,2,3,5,5,5,5,,3,5,5,3,5,1,1,1,1,2,6,6,6,60,30,35,20,,,,,,,,,597,R_2fiIdafcT5YEiT9
3/12/20 19:06,3/12/20 19:22,0,173.198.160.217,100,981,1,3/12/20 19:22,R_5v6tPL09JGO8FXz,,,,,43.96009827,-111.6975021,anonymous,EN,gd3OIQ0t,,1,2,2,5,2,2,0,2,2,2,2,1,2,2,2,5,3,1,3,3,5,3,3,5,3,3,3,3,5,0,0,2,3,3,1,4,4,2,4,1,5,4,1,5,5,1,2,4,1,5,2,1,4,4,4,5,1,1,5,1,1,4,2,4,1,1,4,4,3,4,2,3,5,1,5,5,1,5,4,1,4,3,2,3,2,2,4,5,1,1,5,4,2,2,5,2,58,2,3,1,1,3,3,1,6,6,3,24000,Science,16,Manufacturing-Supervisor,1,1,1,3,6,4,2,5,3,8,4,4,4,3,,4,3,2,8,2,2,2,2,2,2,2,3,1,1,3,2,3,4,4,2,5,1,1,1,1,3,3,1,4,4,5,4,3,,2,5,3,2,5,4,4,6,6,4,5,5,6,25,30,20,0.5,,,,,,,,,557,R_5v6tPL09JGO8FXz
3/12/20 19:06,3/12/20 19:23,0,73.169.119.154,100,986,1,3/12/20 19:23,R_29vkbh1bFlkUUqR,,,,,39.58839417,-105.0775986,anonymous,EN,zrwNx8or,,1,2,4,4,2,4,0,4,4,2,3,3,4,4,1,1,5,1,4,4,5,4,4,5,1,4,4,4,4,5,1,4,4,4,1,1,5,1,3,4,1,5,3,2,2,4,2,4,2,2,5,1,5,2,2,2,2,2,2,5,5,5,1,3,5,5,4,5,5,2,4,1,4,4,1,1,1,4,4,4,1,1,1,1,4,1,4,4,4,5,2,4,1,4,1,2,62,2,3,1,1,4,4,2,6,1,5,1999,Business Admiistration,16,Customer Service in banking,2,1,0,7,1,1,7,1,2,4,3,1,1,4,,6,7,7,7,1,1,1,1,1,1,2,4,3,1,2,5,4,2,5,5,2,2,2,1,2,2,4,1,3,4,3,5,2,,3,2,1,4,3,5,6,6,6,5,4,5,5,50,25,35,50,,,,,,,,,535,R_29vkbh1bFlkUUqR
3/12/20 19:12,3/12/20 19:24,0,45.36.240.171,100,682,1,3/12/20 19:24,R_RdZtvjbPihwJmzD,,,,,36.021698,-79.7838974,anonymous,EN,TwPqcu7u,,1,4,4,3,3,5,0,3,4,3,3,4,5,5,4,5,4,1,4,5,4,5,5,5,4,5,2,3,4,4,2,3,5,2,1,5,5,1,5,3,4,5,1,4,4,2,1,5,1,4,1,2,5,2,3,3,1,1,5,2,1,3,1,4,2,1,4,5,2,4,1,2,4,1,4,4,1,5,5,1,5,4,1,4,1,4,5,4,1,2,3,4,1,1,4,2,61,2,2,1,12,2,3,1,1,3,4,54000,none,12,"Dietary aide, full time",1,1,0,1,5,4,2,5,2,6,3,5,2,4,,6,4,6,6,2,1,1,1,1,2,3,5,2,1,2,2,4,5,4,2,4,4,3,2,2,2,2,2,4,4,5,3,3,,2,5,2,2,5,3,5,5,5,6,6,4,6,40,35,35,25,,,,,,,,,591,R_RdZtvjbPihwJmzD
3/12/20 19:15,3/12/20 19:28,0,69.209.27.95,100,757,1,3/12/20 19:28,R_3NQTHFvNQ0oGLh4,,,,,37.80430603,-122.2155991,anonymous,EN,m7EvsSNN,,1,3,4,0,1,0,0,2,3,3,0,0,3,5,3,4,0,1,4,5,2,3,1,5,5,5,4,1,1,2,4,3,2,0,1,1,4,2,1,5,1,4,5,1,4,4,5,3,5,1,5,3,5,5,3,1,3,5,1,2,5,1,2,1,5,5,3,5,5,4,5,4,3,5,2,1,4,4,2,4,1,4,1,1,2,5,4,3,5,3,1,1,3,5,1,1,39,2,2,11,7,1,1,1,1,1,1,10000,None,12,Self-employed,1,0,0,1,5,2,1,6,4,2,1,4,2,3,,6,2,3,5,2,1,1,1,1,1,4,3,4,3,5,5,1,4,5,5,4,1,1,2,4,5,5,1,1,5,4,5,5,,5,3,5,5,4,3,4,6,5,6,6,1,5,25,30,23,50,,,,,,,,,495,R_3NQTHFvNQ0oGLh4
3/12/20 19:09,3/12/20 19:29,0,103.143.108.200,100,1205,1,3/12/20 19:29,R_2AWoUYYpVWGTdW7,,,,,11.10760498,77.35641479,anonymous,EN,fqwC59NW,,1,4,2,3,4,3,4,1,2,4,4,2,3,3,4,3,4,1,4,3,4,5,4,4,1,4,3,4,3,1,2,2,3,2,1,4,3,4,4,4,3,5,4,3,4,3,4,3,5,4,4,3,3,4,3,4,3,3,3,4,3,4,5,4,3,4,3,4,4,3,4,3,2,4,4,3,4,5,3,4,4,3,2,3,4,3,4,3,2,4,3,4,3,4,3,1,37,4,3,6,6,2,3,5,5,5,3,90000,MECHANICAL,22,MANAGER,2,1,0,6,4,5,6,4,6,5,4,5,3,5,,3,6,5,4,2,2,1,2,3,2,4,3,3,4,3,3,4,3,3,4,2,3,3,4,3,3,4,3,4,3,4,3,4,,4,3,4,3,3,5,5,6,6,6,5,5,6,30,25,20,10,,,,,,,,,567,R_2AWoUYYpVWGTdW7
3/12/20 19:16,3/12/20 19:30,0,68.60.158.123,100,857,1,3/12/20 19:30,R_21iHw0i2LmL0qkj,,,,,42.72869873,-83.0279007,anonymous,EN,kAMrs3cO,,1,3,3,0,1,0,0,2,3,1,1,1,3,4,1,3,0,1,1,3,2,4,4,3,1,4,3,4,1,3,4,3,4,1,1,1,4,2,5,4,1,4,4,4,2,4,4,5,2,2,5,4,4,4,4,2,4,2,4,5,2,4,2,4,4,5,4,4,4,2,2,4,4,4,4,4,2,4,4,4,1,4,2,4,2,4,5,4,1,4,2,4,4,4,2,2,36,2,3,1,8,1,1,1,1,3,1,25000,Computer Science,17,Clickworker,3,0,0,1,5,4,1,6,1,8,3,5,4,3,,3,1,2,4,2,2,1,2,2,2,4,2,4,4,2,2,4,4,2,4,3,4,4,3,3,2,4,4,4,2,4,2,2,,2,3,4,2,4,5,5,6,6,6,5,2,5,25,25,20,33,,,,,,,,,474,R_21iHw0i2LmL0qkj
3/12/20 19:20,3/12/20 19:31,0,157.51.225.208,100,683,1,3/12/20 19:31,R_1CflcQ3XrgLuoBF,,,,,13.08599854,80.27508545,anonymous,EN,w6OM7v6w,,1,1,2,3,1,4,4,3,1,1,1,1,0,0,1,2,1,1,3,4,4,5,4,4,4,5,4,5,5,2,4,5,4,4,1,4,5,4,5,4,5,5,2,4,4,5,5,3,4,4,2,4,5,3,4,3,5,4,4,5,5,4,4,3,5,3,4,4,3,4,4,4,3,3,4,4,3,4,5,5,4,4,5,5,4,4,3,4,5,3,4,4,5,5,5,1,33,4,3,1,1,2,2,3,3,3,3,10000,Mathematics,16,manager,1,1,0,6,2,2,6,1,7,6,6,7,5,6,,5,6,7,7,3,2,3,2,3,2,4,4,3,4,5,4,5,4,4,5,5,4,4,5,3,4,5,4,4,5,4,4,5,,5,4,4,5,4,6,5,5,6,5,5,4,5,30,5,10,15,,,,,,,,,569,R_1CflcQ3XrgLuoBF
3/12/20 19:21,3/12/20 19:33,0,98.247.142.31,100,725,1,3/12/20 19:33,R_3egzAgw3dGg72R5,,,,,47.63000488,-122.2971954,anonymous,EN,mkdGXT4f,,1,4,5,0,1,0,0,5,5,2,0,0,5,5,1,2,0,1,5,5,0,3,1,5,5,0,0,0,0,3,4,0,3,0,1,2,5,2,1,1,3,5,3,1,5,2,4,3,5,3,2,1,4,5,5,3,2,5,3,1,2,1,2,1,1,5,5,3,5,5,2,2,3,5,4,1,3,3,1,2,3,1,3,1,1,3,5,4,5,1,3,2,5,5,4,2,47,2,4,12,8,1,1,1,1,1,2,41000,"English Lit, Psychology, Conservation Biology",24,"College professor, Psychology",1,1,0,1,7,1,1,7,2,8,4,7,4,8,,6,1,2,2,2,1,1,1,2,2,4,5,3,2,5,3,1,5,5,2,4,1,2,1,2,5,2,1,3,5,4,5,4,,2,1,5,3,5,2,6,6,6,6,6,6,6,25,30,20,20,,,,,,,,,552,R_3egzAgw3dGg72R5
3/12/20 19:18,3/12/20 19:34,0,162.154.153.84,100,972,1,3/12/20 19:34,R_1pMXp2fWQ2524j5,,,,,40.7960968,-81.37979889,anonymous,EN,JvHLkdac,,1,4,4,5,3,3,0,4,5,3,4,4,5,4,3,4,4,1,4,5,5,4,4,5,0,4,3,4,4,0,0,3,3,2,1,4,5,2,3,2,3,5,1,4,5,2,2,4,2,3,3,4,4,2,2,2,2,1,4,2,2,4,2,4,3,3,2,2,2,2,3,2,4,3,3,3,2,5,4,3,3,3,3,2,2,2,4,4,2,2,4,3,3,3,4,1,64,2,3,1,1,2,2,3,3,1,5,52000,business,16,it manager4,2,1,0,7,1,1,6,1,3,6,7,7,6,5,,6,7,5,8,2,2,2,1,1,2,4,4,2,2,4,3,4,4,5,2,4,1,3,2,4,5,4,1,3,4,4,4,4,,3,4,5,3,4,6,6,6,6,5,5,5,6,10,30,23,4,,,,,,,,,578,R_1pMXp2fWQ2524j5
3/12/20 19:42,3/12/20 19:44,0,64.130.181.82,100,124,1,3/12/20 19:44,R_W9kyfvvrodqsimR,,,,,36.99040222,-85.92389679,anonymous,EN,ssV5bSIv,,1,5,0,2,3,1,2,3,1,1,3,3,4,2,3,4,3,0,2,0,2,5,4,0,0,2,3,0,4,5,5,0,2,3,1,3,1,3,5,3,1,2,1,4,2,3,3,4,1,3,5,3,1,2,1,2,4,4,5,3,4,5,4,2,3,4,2,2,4,4,5,3,4,5,4,2,3,4,2,2,4,4,5,3,4,5,4,2,3,4,2,2,4,4,5,1,29,2,2,8,11,1,1,1,1,1,1,33000,n/a,12,"retail, manager",1,0,0,1,7,4,2,6,2,3,4,3,1,2,,3,1,1,3,2,1,3,2,2,1,3,2,3,3,2,3,4,2,2,4,4,5,3,4,5,4,2,3,4,2,2,4,4,,5,3,4,5,4,5,5,5,2,3,3,5,3,500,30,50,5,,,,,,,,,461,R_W9kyfvvrodqsimR
3/12/20 19:23,3/12/20 19:50,0,68.96.244.242,100,1645,1,3/12/20 19:50,R_24H3GJEL6U1vhjk,,,,,36.19619751,-115.263298,anonymous,EN,WN0VE4FZ,,1,5,5,0,0,4,0,4,4,1,0,0,5,5,1,1,3,1,4,4,4,4,4,5,5,4,3,4,3,1,3,1,1,3,1,5,4,2,4,1,5,4,1,5,5,1,3,5,1,5,3,4,4,4,5,5,1,2,5,1,1,3,2,5,1,1,4,4,2,5,3,4,5,2,5,5,2,5,5,1,5,2,1,5,1,3,4,5,2,1,5,5,3,2,5,2,39,2,2,12,5,3,4,3,6,6,4,28000,art,15,hospitality - entertainer,3,0,0,4,4,5,3,5,3,8,4,3,3,8,,4,4,3,4,2,2,2,2,1,2,3,3,1,1,5,1,1,5,4,1,4,1,5,1,3,3,1,3,5,4,5,4,4,,1,5,3,1,4,4,4,6,6,6,6,6,6,25,25,35,5,,,,,,,,,588,R_24H3GJEL6U1vhjk
3/12/20 19:31,3/12/20 19:54,0,71.51.191.95,100,1407,1,3/12/20 19:54,R_1rCkPCeet53PVXn,,,,,38.03210449,-78.48899841,anonymous,EN,dbNJPQT8,,1,1,4,4,2,0,0,4,3,5,2,0,3,5,5,3,0,1,3,5,4,5,0,4,5,5,3,1,2,5,0,5,5,2,1,5,5,1,4,2,4,5,1,4,5,1,1,4,3,5,1,1,4,2,4,4,1,1,5,1,1,4,1,4,2,1,5,4,1,5,3,1,5,3,2,4,1,5,4,1,5,1,1,4,1,1,5,4,1,1,2,3,5,1,1,2,25,2,2,11,11,1,4,2,1,6,2,42000,healthcare,14, healthcare cna,3,1,0,3,5,7,4,4,1,6,8,8,3,7,,6,6,4,8,2,1,1,1,1,1,2,4,1,2,1,2,4,5,2,1,5,1,4,4,1,2,1,1,5,3,5,4,1,,1,4,1,2,3,2,1,1,2,5,5,6,5,10,30,20,0.5,,,,,,,,,576,R_1rCkPCeet53PVXn
3/12/20 19:47,3/12/20 19:56,0,108.66.4.224,100,496,1,3/12/20 19:56,R_338xig1OHSgyPzd,,,,,37.2507019,-121.8359985,anonymous,EN,JNSeqF0i,,1,4,4,3,2,1,1,5,4,3,1,1,5,4,3,3,0,1,5,4,0,3,3,5,4,2,0,0,1,2,5,1,3,1,1,1,4,2,1,2,2,4,2,1,5,5,4,3,4,3,5,2,4,5,5,1,2,4,1,2,4,1,2,1,1,5,2,4,5,5,4,4,4,5,4,1,5,4,2,2,1,4,2,2,2,1,4,4,5,2,1,1,4,5,3,2,28,2,3,1,8,1,1,3,1,1,2,17000,Digital Media Art,15,"Student/Working full time, Illustrator",1,0,0,1,7,3,1,7,2,8,7,7,7,7,,4,2,2,4,2,2,2,2,2,2,5,4,2,4,5,5,1,5,4,5,4,1,2,2,2,2,5,2,2,4,4,4,2,,4,4,4,4,5,2,3,3,4,5,6,3,5,25,30,23,4,,,,,,,,,532,R_338xig1OHSgyPzd
3/12/20 19:43,3/12/20 19:57,0,75.133.32.65,100,860,1,3/12/20 19:57,R_2SJHJw5kSNh2wvI,,,,,44.44549561,-83.35810089,anonymous,EN,naXDwzU1,,1,1,1,0,1,2,0,3,1,1,1,2,3,3,2,2,1,1,3,3,3,3,3,4,3,3,2,3,4,4,3,2,1,2,1,3,5,4,4,2,2,4,2,4,5,1,2,4,2,3,2,1,4,4,4,2,2,2,4,2,2,4,2,4,2,4,4,4,2,4,2,3,4,3,4,4,2,3,3,2,4,2,2,3,2,3,4,5,2,2,4,4,1,2,3,2,51,2,2,1,7,1,2,1,2,5,3,89000,No college.,12,Owner of small hotel.,3,1,0,4,1,5,5,2,1,5,5,3,2,6,,7,4,4,5,2,2,1,1,2,2,2,5,2,1,4,4,3,4,5,4,4,3,2,2,1,2,4,1,3,5,4,5,3,,3,4,4,2,3,3,3,5,5,3,3,5,3,70,25,12,15,,,,,,,,,517,R_2SJHJw5kSNh2wvI
3/12/20 19:51,3/12/20 20:09,0,76.100.197.204,100,1099,1,3/12/20 20:09,R_3DkGU16NjaZrvgN,,,,,39.32479858,-76.60620117,anonymous,EN,zeRcEHIn,,1,4,4,1,1,2,0,5,5,2,2,1,5,5,2,3,0,1,5,5,2,2,3,5,4,5,3,3,0,2,5,2,0,0,1,4,5,1,5,5,3,5,1,5,5,1,1,5,1,5,3,1,5,1,5,3,1,1,5,1,1,5,1,5,1,3,5,5,1,5,1,1,5,1,5,3,1,5,5,1,3,1,1,5,1,4,5,5,1,1,4,4,1,1,5,1,48,1,3,1,1,1,2,2,2,5,5,62000,English,16,Full time Airline employee Ground Crew,1,0,0,1,7,3,1,7,1,8,3,0,1,8,,8,8,4,7,3,3,1,2,2,1,5,4,3,3,5,2,1,4,4,4,4,1,3,2,2,5,2,1,4,5,4,5,5,,1,3,5,3,3,1,1,6,4,1,3,4,3,25,25,60,10,,,,,,,,,558,R_3DkGU16NjaZrvgN
3/12/20 19:56,3/12/20 20:10,0,76.18.212.179,100,858,1,3/12/20 20:10,R_TuBvVYi0F1TlnBT,,,,,30.0821991,-81.54979706,anonymous,EN,IcxzdmfO,,1,4,5,2,2,1,0,3,5,3,1,1,5,4,3,3,0,1,3,4,3,4,1,5,5,2,1,1,1,1,3,3,3,1,1,1,5,2,3,2,2,5,2,3,4,3,1,4,3,3,5,1,4,4,4,2,1,2,3,2,4,2,3,2,2,5,3,4,4,5,4,2,3,4,4,2,3,4,3,1,1,2,1,2,3,2,4,4,4,1,2,3,2,3,3,1,32,2,3,1,7,1,1,1,1,1,1,49000,Biology,16,geographic information systems analyst,1,0,0,1,6,2,1,7,3,8,4,5,4,7,,5,1,2,4,2,2,2,2,2,2,4,4,2,2,3,4,2,5,4,3,5,2,2,2,1,2,3,1,3,4,5,4,3,,3,5,4,2,5,4,4,3,5,5,4,3,6,25,30,20,50,,,,,,,,,521,R_TuBvVYi0F1TlnBT
3/12/20 19:58,3/12/20 20:13,0,223.182.197.62,100,898,1,3/12/20 20:13,R_qVpA5gtDSfQDaWl,,,,,11.00750732,76.96710205,anonymous,EN,A2GRJVN7,,1,4,3,4,3,3,4,3,4,3,4,3,4,3,4,3,4,1,4,3,4,3,4,3,4,3,4,3,4,3,4,3,4,3,1,3,4,3,4,5,4,3,4,3,3,4,5,4,4,5,4,5,4,4,5,4,5,4,3,4,5,4,4,5,4,3,4,5,4,5,4,4,3,4,5,4,4,5,4,5,4,5,5,4,4,5,4,5,4,4,5,4,3,4,5,1,28,4,3,6,6,2,3,5,4,4,3,15000,maths ,16,quality manager ,3,0,1,5,6,7,5,6,5,6,4,5,6,5,,5,6,5,4,2,2,1,1,1,1,4,3,4,3,4,3,4,3,4,3,4,3,4,3,4,3,4,3,4,5,4,3,4,,3,4,3,4,3,4,5,4,5,4,5,4,5,200,5,6,15,,,,,,,,,579,R_qVpA5gtDSfQDaWl
3/12/20 20:04,3/12/20 20:17,0,108.198.54.104,100,780,1,3/12/20 20:17,R_3oLyA11jx1QUg38,,,,,33.91349792,-84.68589783,anonymous,EN,01rSsifR,,1,4,4,2,4,2,0,3,5,2,2,3,5,5,3,4,3,1,4,5,2,4,3,5,3,4,2,4,3,4,1,2,2,4,1,4,5,2,4,4,4,5,2,4,5,2,1,5,2,5,3,2,4,3,5,4,1,2,2,2,2,5,2,3,3,4,5,3,4,5,2,1,4,3,5,3,3,5,3,1,4,1,2,4,1,3,5,5,4,2,4,3,2,3,5,2,29,1,2,1,1,2,3,3,6,4,2,41000,Business Management,15,Project Manager - Information,1,1,0,4,5,6,3,5,4,7,7,6,4,5,,7,4,6,7,2,1,1,1,1,2,5,5,1,2,4,3,2,5,4,3,5,1,4,2,1,5,2,1,4,5,5,5,5,,2,5,5,2,5,3,5,5,5,6,4,3,5,0.33,30,35,30,,,,,,,,,608,R_3oLyA11jx1QUg38
3/12/20 20:11,3/12/20 20:20,0,108.64.75.194,100,523,1,3/12/20 20:20,R_264Ew5tPlQuc9N6,,,,,38.06629944,-122.1654968,anonymous,EN,YgSlD5mK,,1,5,5,4,5,2,0,4,5,5,5,2,5,5,4,4,3,1,4,4,3,4,0,5,5,5,4,4,3,0,4,4,4,2,1,1,5,2,2,1,2,4,2,2,4,2,4,4,5,4,5,1,5,5,4,2,1,2,2,4,2,4,2,1,1,5,4,4,5,5,4,2,5,4,1,2,4,5,2,1,1,2,2,1,1,5,5,5,4,2,4,2,2,5,4,2,36,2,3,11,7,1,2,1,1,1,2,75000,Japanese and art,16,photographer - manager (entertainment and media),1,0,0,1,6,5,2,6,5,7,8,6,5,8,,8,6,7,8,2,2,2,2,2,2,4,5,2,2,5,4,2,5,5,5,5,1,2,2,2,4,5,1,1,5,5,5,5,,5,4,5,5,4,2,2,4,5,6,5,5,6,35,25,15,25,,,,,,,,,629,R_264Ew5tPlQuc9N6
3/12/20 20:10,3/12/20 20:26,0,50.27.10.252,100,922,1,3/12/20 20:26,R_1rIxHDkSiZn4Y6a,,,,,33.59030151,-101.9371033,anonymous,EN,rN09W2Hk,,1,3,3,1,1,2,0,3,3,1,2,2,5,5,1,3,3,1,4,3,4,3,3,5,3,4,1,1,3,5,3,3,2,3,1,2,4,1,3,3,2,5,2,4,4,2,3,5,2,3,4,2,5,4,3,3,1,2,3,2,2,4,1,4,2,4,4,5,4,3,3,2,5,3,4,4,3,4,4,2,2,2,1,2,2,3,5,4,3,2,4,4,2,2,3,2,29,2,4,1,1,2,1,5,6,1,1,44000,Chemistry,20,Full time university administrator,1,0,0,1,7,4,2,6,1,4,4,1,2,6,,7,3,2,2,2,1,1,1,2,1,4,4,3,2,2,2,2,3,4,4,3,2,4,2,2,2,3,1,5,3,4,3,3,,1,3,4,2,3,5,5,6,6,5,4,2,5,25,30,20,50,,,,,,,,,525,R_1rIxHDkSiZn4Y6a
3/12/20 20:11,3/12/20 20:30,0,108.219.12.36,100,1152,1,3/12/20 20:30,R_3k1beIx9Y5WgkYh,,,,,36.91020203,-121.7564011,anonymous,EN,ZhxK8ZH8,,1,5,5,3,2,0,0,5,5,4,4,0,5,5,5,5,0,1,5,5,4,5,0,5,5,4,5,3,0,2,3,3,2,0,1,5,5,1,5,1,5,2,5,5,5,1,1,5,1,5,1,1,5,2,5,5,1,2,5,1,1,5,1,1,1,1,5,5,1,5,1,1,5,1,5,4,1,5,5,1,4,1,1,1,3,1,5,5,2,1,5,5,1,1,5,2,39,2,3,1,7,1,2,1,1,5,1,66000,BA - Business Economics,16,"real estate, marketing director and realtor",1,0,0,1,7,3,2,6,4,6,4,7,4,7,,7,3,3,6,2,1,1,1,1,1,5,5,1,4,4,2,2,5,5,5,5,1,1,2,1,4,4,1,5,5,5,5,4,,1,5,4,3,5,3,4,5,5,5,6,6,5,25,30,20,25,,,,,,,,,608,R_3k1beIx9Y5WgkYh
3/12/20 19:59,3/12/20 20:31,0,67.8.193.168,100,1909,1,3/12/20 20:31,R_1GDiUicJRg4Xza2,,,,,28.90249634,-81.2480011,anonymous,EN,FcP5oD0l,,1,4,4,4,4,5,0,3,4,4,4,1,4,3,3,5,4,1,3,3,4,4,4,4,5,4,3,1,4,4,3,4,4,4,1,5,5,1,5,1,4,4,1,4,4,1,1,5,4,4,1,1,4,1,4,3,1,1,5,1,1,4,1,5,1,1,5,5,1,4,1,1,4,1,4,4,1,4,4,1,1,1,1,1,1,1,5,4,1,2,4,4,1,4,4,2,50,2,2,1,1,1,3,1,6,3,5,49500,business,14,employed customer support,1,0,0,1,7,1,4,6,3,6,6,5,7,5,,6,7,6,7,1,1,1,1,1,1,1,5,1,1,4,1,4,4,5,4,4,2,4,1,2,3,1,1,5,5,4,4,4,,1,4,4,1,4,5,5,5,5,6,5,5,5,20,25,20,10,,,,,,,,,603,R_1GDiUicJRg4Xza2
3/12/20 20:29,3/12/20 20:37,0,69.251.52.62,100,515,1,3/12/20 20:37,R_1XmchDYMyxmOcgN,,,,,38.52810669,-76.98419952,anonymous,EN,9TqGmj5u,,1,2,1,0,2,5,0,3,3,2,4,5,5,2,2,5,5,1,5,5,0,5,5,5,5,5,0,5,5,5,0,3,5,5,1,5,5,1,5,1,4,5,1,5,5,1,3,5,5,5,1,5,5,2,5,5,1,1,5,1,1,4,1,5,1,1,5,5,1,5,1,3,5,1,4,5,4,5,3,1,5,3,1,5,1,1,5,5,1,1,5,2,1,3,5,2,24,2,2,1,1,4,4,4,6,2,2,55000,Business Administration,14,Fulltime employed sales associate,1,1,0,1,7,1,1,7,8,8,8,7,7,8,,8,4,8,8,2,1,2,1,1,1,4,4,1,3,5,1,2,5,4,1,5,1,3,3,2,5,1,1,5,5,5,5,5,,1,5,5,1,5,4,6,6,6,6,6,6,6,50,3,16,10,,,,,,,,,633,R_1XmchDYMyxmOcgN
3/12/20 20:16,3/12/20 20:50,0,49.37.192.157,100,2068,1,3/12/20 20:50,R_3Ge12CnEPlTLqzw,,,,,12.97210693,77.59329224,anonymous,EN,45826382,,1,4,3,4,3,4,4,4,1,2,1,4,2,4,2,2,4,1,4,3,5,5,4,3,4,3,4,3,3,5,4,3,4,3,1,5,4,4,3,4,5,4,4,3,4,3,4,4,5,4,3,4,3,5,4,3,4,3,4,5,4,4,4,3,4,4,3,4,5,4,4,4,3,4,5,4,4,3,4,4,4,3,4,4,3,4,5,4,4,4,3,4,4,3,4,1,27,4,3,1,1,3,3,5,5,4,3,15,bachelors of degree,3,full time,3,0,1,6,5,6,6,4,6,4,6,5,4,5,,4,7,6,5,2,1,2,1,2,2,4,3,4,3,4,3,3,4,3,3,4,3,3,4,4,3,4,4,4,3,4,4,4,,3,4,4,3,4,6,5,4,4,4,5,4,6,40,5,20,25,,,,,,,,,575,R_3Ge12CnEPlTLqzw
3/12/20 20:39,3/12/20 20:53,0,73.229.138.88,100,820,1,3/12/20 20:53,R_2y9jzjHRlMQNxSH,,,,,40.53770447,-105.0546036,anonymous,EN,HFnyrGqQ,,1,5,5,0,0,0,0,3,5,4,0,2,5,4,4,4,0,1,5,5,4,0,0,0,5,0,0,0,0,5,5,0,0,5,1,1,5,4,1,1,4,4,1,1,5,4,5,4,5,5,5,1,2,5,5,1,4,4,4,1,1,1,4,1,2,5,5,2,5,5,1,4,5,4,4,1,5,4,1,1,1,2,4,1,1,5,4,5,4,1,1,1,4,5,4,2,28,2,4,1,8,1,1,1,1,1,3,55000,Masters in Business Administration,17 years,Bookkeeper at a dental office,1,1,0,1,7,1,1,7,3,8,5,6,1,8,,8,1,1,3,2,1,1,1,2,1,5,5,2,1,5,5,1,4,5,5,5,1,2,1,4,5,5,1,1,5,4,5,5,,4,4,5,5,5,4,5,6,6,6,5,6,6,25,25,20,25,,,,,,,,,540,R_2y9jzjHRlMQNxSH
3/12/20 21:01,3/12/20 21:07,0,49.37.207.133,100,339,1,3/12/20 21:07,R_Y4jqAKVx5Y6qYvL,,,,,12.97210693,77.59329224,anonymous,EN,Yndl6lBy,,1,3,2,4,2,4,2,5,3,2,4,3,5,2,4,2,4,1,4,3,5,4,5,3,4,3,5,4,5,3,5,4,2,3,1,4,5,3,4,3,5,4,5,4,4,3,5,4,2,4,5,4,3,3,2,4,3,5,4,3,5,4,4,3,5,4,2,4,3,5,4,3,4,3,5,4,2,3,2,4,3,5,4,3,4,3,4,3,4,4,3,5,4,5,4,1,30,2,3,1,1,4,3,2,3,5,3,10000,bachelor's degree,14,manager,1,0,1,5,3,5,3,5,5,4,6,4,6,4,,7,2,5,4,2,1,2,2,1,2,4,2,4,3,5,3,4,3,5,3,4,3,5,3,4,2,4,3,4,3,2,4,3,,5,3,4,3,4,4,3,4,3,3,5,3,5,100,30,50,10,,,,,,,,,542,R_Y4jqAKVx5Y6qYvL
3/12/20 21:08,3/12/20 21:14,0,73.189.155.193,100,347,1,3/12/20 21:14,R_2rAh66KtLoJTWjn,,,,,37.98339844,-122.0312042,anonymous,EN,jj8CVQyJ,,1,3,2,3,3,3,2,3,2,3,2,3,2,3,2,3,2,1,3,2,3,2,3,2,3,2,3,3,4,4,3,2,3,2,1,3,3,3,3,3,3,3,3,3,3,3,3,3,3,3,3,3,3,3,3,3,3,3,3,3,3,3,3,3,3,3,3,3,3,3,3,3,3,3,3,3,3,3,3,3,3,3,3,3,3,3,3,3,3,3,3,3,3,3,3,2,30,2,4,1,1,2,2,3,2,4,3,15000,COMPUTER SCIENCE,4,MANAGER,2,1,1,5,3,5,4,5,5,4,4,3,4,3,,5,4,4,5,2,2,2,1,2,2,4,2,4,3,4,3,4,3,4,3,2,3,4,3,3,3,4,3,2,4,3,4,3,,4,3,4,2,4,4,4,5,3,4,3,4,4,100,25,35,10,,,,,,,,,506,R_2rAh66KtLoJTWjn
3/12/20 21:02,3/12/20 21:14,0,64.251.151.49,100,757,1,3/12/20 21:14,R_1E593evueQFd9SS,,,,,37.94749451,-91.76360321,anonymous,EN,rbbgh7cl,,1,4,5,0,0,0,0,5,5,0,0,1,5,5,0,1,0,1,5,3,0,0,0,5,4,4,0,0,0,5,5,0,0,0,1,1,3,1,5,1,5,5,1,5,5,2,1,5,1,4,5,3,4,1,5,5,1,1,5,1,1,4,1,5,1,5,4,4,1,5,3,2,5,1,4,4,3,5,5,2,2,3,1,5,1,1,5,5,1,1,3,3,1,1,5,2,34,3,3,1,1,3,3,5,6,6,3,38000,History,16,"Full time, Department manager Retail",3,1,0,1,5,7,1,7,0,8,0,2,3,8,,7,2,1,3,2,1,1,1,2,1,4,3,2,3,3,1,3,4,5,1,4,2,5,3,2,1,1,1,5,3,5,3,2,,1,4,1,1,4,5,5,6,6,5,6,6,5,25,30,20,50,,,,,,,,,511,R_1E593evueQFd9SS
3/12/20 21:01,3/12/20 21:19,0,103.78.159.68,100,1059,1,3/12/20 21:19,R_2a8EPuedxPOMKOt,,,,,8.179000854,77.43231201,anonymous,EN,19x3QrYn,,1,0,1,5,0,0,5,5,5,5,5,3,4,5,0,0,5,1,5,5,5,5,4,5,5,5,5,5,3,5,5,5,5,5,1,5,5,1,5,5,5,5,1,5,5,4,2,5,5,5,5,5,5,5,5,5,1,5,5,5,5,5,1,5,5,2,5,5,1,5,5,1,5,1,5,5,5,5,5,5,5,1,1,1,1,5,5,5,1,5,5,5,1,1,5,1,33,4,3,1,1,4,4,6,6,6,3,50000,4,12,FULL TIME,1,1,1,1,7,7,7,7,8,8,8,8,8,8,,8,8,8,8,1,3,1,1,1,1,5,5,5,5,5,5,5,5,4,5,5,5,5,5,4,5,5,5,5,5,5,5,5,,5,5,5,5,5,6,6,6,6,6,6,6,6,25,30,20,0.5,,,,,,,,,699,R_2a8EPuedxPOMKOt
3/12/20 21:03,3/12/20 21:20,0,157.51.244.163,100,1006,1,3/12/20 21:20,R_BG2hBNJCOjkkdqN,,,,,13.08599854,80.27508545,anonymous,EN,FQZs26ef,,1,3,4,3,3,4,3,3,4,2,3,4,3,3,4,4,3,1,4,3,4,3,3,4,3,2,3,4,3,3,4,2,3,4,1,4,5,4,2,4,4,5,3,4,4,5,4,4,5,4,3,4,5,4,4,5,3,4,3,4,4,5,4,4,5,5,4,3,4,3,5,4,4,5,3,4,4,5,4,4,4,4,3,4,5,4,5,4,5,4,4,5,5,4,4,1,27,4,3,6,6,2,2,4,6,4,3,30000,computer science,12,IT and manager,3,1,0,5,4,6,4,3,6,6,4,5,5,4,,5,6,4,7,1,2,1,2,2,1,3,4,2,3,4,3,4,4,3,3,4,4,3,4,2,4,4,4,3,3,4,4,3,,2,3,4,4,3,5,4,5,5,5,4,5,4,25,30,20,0.05,,,,,,,,,572,R_BG2hBNJCOjkkdqN
3/12/20 21:00,3/12/20 21:21,0,99.7.210.86,100,1230,1,3/12/20 21:21,R_UPBXYEILUU8aoql,,,,,29.89729309,-95.64630127,anonymous,EN,2X1xhDjv,,1,5,5,1,3,3,0,4,5,4,3,3,5,3,3,5,1,1,5,5,1,4,4,5,5,4,2,3,2,4,4,4,4,2,1,1,5,2,4,1,1,5,4,4,4,2,3,4,1,1,5,2,4,2,4,1,1,4,4,4,5,4,4,4,5,5,4,4,4,4,4,1,3,2,2,1,2,4,4,2,2,1,1,4,4,5,4,4,2,4,2,2,1,1,1,1,25,4,3,1,11,1,1,1,1,1,1,4000,Accounting,18,Unemployed,3,1,0,1,1,7,1,3,1,6,1,4,1,4,,6,3,4,5,2,1,1,1,1,1,4,4,2,3,4,4,3,5,3,4,5,4,2,2,2,4,5,2,2,3,5,5,4,,2,4,3,3,4,2,4,5,5,4,4,2,5,10,33,27,4,,,,,,,,,503,R_UPBXYEILUU8aoql
3/12/20 21:13,3/12/20 21:24,0,220.158.140.33,100,661,1,3/12/20 21:24,R_scL96iICfGimqNX,,,,,11.10760498,77.35641479,anonymous,EN,aZKHUZcI,,1,2,3,2,1,2,1,2,1,1,2,1,2,1,2,1,2,1,4,3,4,3,1,4,1,4,3,4,3,4,3,4,3,4,1,4,3,2,1,2,3,2,2,3,3,2,3,4,4,3,3,3,4,2,3,4,3,2,3,3,2,3,3,2,3,2,3,4,3,2,3,3,4,3,2,3,2,3,4,3,3,2,3,2,3,2,3,4,3,2,3,2,3,3,4,1,25,4,3,6,6,1,1,2,1,1,1,28000,Information Technology,16,Information Technology and Tech lead,2,1,1,5,2,1,4,5,5,4,5,4,5,4,,1,5,6,5,2,2,1,2,1,2,4,3,3,2,3,2,3,4,3,3,4,3,2,2,2,3,2,2,3,3,4,3,3,,2,2,3,3,4,4,5,5,4,4,5,3,4,20,30,20,0.5,,,,,,,,,504,R_scL96iICfGimqNX
3/12/20 21:12,3/12/20 21:31,0,184.90.92.184,100,1122,1,3/12/20 21:31,R_3iPEUybDpEsyuoE,,,,,28.57269287,-80.82060242,anonymous,EN,3FgQya4U,,1,3,4,1,2,5,0,4,5,3,2,4,5,5,2,4,0,1,3,5,0,5,5,5,5,5,5,0,5,0,0,0,5,0,1,5,4,4,5,5,5,5,2,5,5,4,4,5,1,5,1,4,2,2,1,5,1,4,5,5,1,2,4,5,1,1,4,2,1,2,4,2,5,1,2,4,4,4,5,1,5,4,4,5,5,1,5,5,1,5,5,2,2,1,5,2,55,2,2,1,1,1,2,1,1,1,5,49500,Business Management,14,Medical Claims Supervisor fulltime,1,0,0,1,7,1,1,4,5,8,5,7,8,8,,7,8,6,5,2,1,1,1,1,2,1,1,4,4,1,1,5,2,2,1,2,5,5,5,1,1,1,4,5,2,2,2,1,,1,2,1,1,2,1,1,3,3,2,6,6,3,33,30,20,10,,,,,,,,,494,R_3iPEUybDpEsyuoE
3/12/20 21:27,3/12/20 21:45,0,107.185.191.76,100,1055,1,3/12/20 21:45,R_3KuydFzFDKmUHM1,,,,,33.96749878,-118.1464005,anonymous,EN,Gd2AL9OU,,1,5,5,0,0,0,0,5,5,0,0,0,5,5,0,0,0,1,5,5,0,3,3,5,5,5,0,0,0,5,3,0,0,0,1,5,5,1,5,1,5,5,1,5,5,1,1,5,1,5,2,1,3,1,4,4,1,1,5,1,1,5,1,5,1,1,5,3,1,5,1,1,5,1,5,4,1,5,5,1,4,1,1,5,1,1,5,5,1,1,4,5,1,1,5,1,37,4,3,1,8,1,1,1,1,1,2,40000,Business,16,Processing Clerk II at a major U.S. Insurance company,1,1,0,1,7,4,1,7,1,8,8,8,8,8,,8,1,1,6,2,1,1,1,2,1,2,5,1,1,5,2,4,5,5,1,5,1,3,1,1,4,1,1,4,5,4,4,5,,1,5,5,2,5,2,3,2,6,3,3,4,4,40,30,20,20,,,,,,,,,549,R_3KuydFzFDKmUHM1
3/12/20 21:30,3/12/20 21:55,0,220.158.140.33,100,1455,1,3/12/20 21:55,R_3262p8rHLzUAbkF,,,,,11.10760498,77.35641479,anonymous,EN,L3dvhd7L,,1,1,2,0,1,0,1,0,1,0,1,0,1,1,2,1,2,1,3,2,1,0,0,1,0,1,0,2,1,3,0,1,0,1,1,3,4,3,3,4,3,2,3,4,3,4,3,2,3,4,3,4,3,2,3,4,3,2,4,3,2,3,3,4,3,2,4,3,3,4,3,3,4,3,3,4,3,2,3,3,3,4,3,2,3,4,3,3,2,4,3,3,2,3,4,1,25,4,3,6,6,1,1,2,2,1,1,31000,Engineering,16,Quality control and Middle level manager,2,1,1,5,3,2,1,2,4,5,4,5,3,3,,3,6,5,4,1,2,2,1,2,2,3,2,3,4,3,2,3,4,3,2,3,4,3,2,2,3,2,3,3,4,3,2,3,,2,3,4,3,2,4,3,5,4,4,3,4,3,20,30,20,5,,,,,,,,,432,R_3262p8rHLzUAbkF
3/12/20 22:04,3/12/20 22:15,0,68.96.169.162,100,661,1,3/12/20 22:15,R_2vcwGa9I3MNP9YK,,,,,36.24729919,-115.2820969,anonymous,EN,EjJX2xQw,,1,3,3,1,1,2,1,2,4,2,1,1,4,4,1,4,1,1,3,3,1,2,3,4,4,4,2,1,2,4,4,2,2,2,1,1,3,2,4,3,1,4,3,2,2,4,2,4,2,2,4,4,4,2,3,1,1,2,2,2,3,3,2,4,4,5,4,3,3,3,4,1,4,4,3,3,3,4,4,3,1,3,2,2,4,4,4,4,4,3,2,2,2,2,2,1,32,3,2,1,7,1,1,1,1,1,1,38500,IT,14,IT - Help Desk Support,1,0,0,1,5,4,1,5,2,4,3,5,5,4,,4,3,3,4,2,1,1,1,1,1,1,2,3,3,3,3,3,2,3,3,3,2,4,3,4,2,3,3,3,2,3,3,2,,3,3,2,3,3,3,3,3,3,4,4,4,4,20,25,12,10,,,,,,,,,456,R_2vcwGa9I3MNP9YK
3/12/20 21:48,3/12/20 22:18,0,74.118.138.245,100,1785,1,3/12/20 22:18,R_2rMjO4numzDm8Bs,,,,,37.75100708,-97.8219986,anonymous,EN,M8TKy4LM,,1,2,3,2,3,2,3,2,3,4,3,4,3,3,4,3,4,1,3,4,3,4,3,4,3,4,3,4,3,4,3,4,3,4,1,4,5,4,3,4,5,4,3,4,4,5,4,5,4,5,4,5,4,4,5,4,5,4,5,4,5,4,4,5,4,5,4,5,4,5,4,4,5,4,5,4,5,4,5,4,4,5,4,5,4,5,4,5,4,4,5,4,5,4,5,1,29,2,3,1,1,2,2,4,4,4,3,130000,A major is simply a specific subject that students can specialize in while aspiring to a college degree.,12,data entry,2,0,1,6,4,3,3,4,5,6,5,6,5,3,,5,6,6,5,1,2,2,3,2,2,3,4,3,4,3,4,3,4,3,4,3,4,3,4,3,4,3,4,3,4,3,4,3,,4,3,4,3,4,4,5,4,5,3,4,5,4,4,5,7,20,,,,,,,,,547,R_2rMjO4numzDm8Bs
3/12/20 23:24,3/12/20 23:41,0,185.217.69.184,100,1008,1,3/12/20 23:41,R_1OU0yTRr4oqsXzO,,,,,40.710495,-74.01290131,anonymous,EN,nB8WmX4K,,1,4,4,2,2,4,0,4,4,2,3,3,4,2,2,5,5,1,4,5,1,2,4,5,4,5,3,3,4,5,3,3,1,4,1,4,5,1,5,3,4,5,2,4,4,2,1,5,1,4,3,5,4,4,2,4,2,1,5,1,3,5,2,4,4,2,5,5,2,3,4,2,5,1,4,4,2,5,4,2,4,1,1,4,2,3,5,4,1,2,4,5,1,2,4,2,35,2,3,3,3,3,2,3,6,1,3,45000,Psychology,16,Unemployed,1,1,0,2,6,1,3,7,2,8,8,2,3,7,,8,6,6,7,2,1,2,1,2,2,2,5,4,2,2,3,5,4,4,2,4,4,3,1,4,2,2,4,4,2,4,5,4,,2,4,2,3,4,5,5,5,5,6,6,6,6,25,30,20,50,,,,,,,,,592,R_1OU0yTRr4oqsXzO
3/12/20 23:30,3/12/20 23:41,0,49.206.124.25,100,654,1,3/12/20 23:41,R_3CI97PGdicMBftl,,,,,13.08599854,80.27508545,anonymous,EN,LvFtBOzA,,1,4,3,4,3,5,4,3,4,4,3,4,3,3,4,2,2,1,5,5,5,4,4,3,4,2,4,3,4,5,3,4,2,4,1,5,5,3,3,4,4,5,3,3,5,3,4,3,5,4,3,4,5,5,3,4,3,5,4,4,4,3,5,4,3,3,5,3,2,4,4,2,3,2,4,4,5,4,4,4,5,4,3,3,4,5,4,4,5,5,4,3,4,5,5,2,33,4,3,6,6,3,3,4,6,6,3,5000,COMPUTERSCIENCE,14,3,2,0,1,7,6,6,5,6,5,7,8,8,8,6,,7,6,7,7,2,2,2,2,2,1,4,3,4,2,4,3,4,3,4,3,4,5,2,4,3,4,4,3,3,4,3,3,4,,3,4,2,4,3,6,5,4,4,5,4,5,4,80,5,40,20,,,,,,,,,614,R_3CI97PGdicMBftl
3/12/20 23:41,3/12/20 23:50,0,73.235.55.57,100,588,1,3/12/20 23:50,R_3MExwYYRSu9nZDN,,,,,36.82429504,-119.7662048,anonymous,EN,363Bpm6B,,1,5,5,0,0,1,0,4,5,3,0,1,5,5,2,3,0,1,4,4,1,1,2,5,5,4,2,0,2,4,1,0,2,2,1,1,4,2,2,1,1,5,2,2,5,3,4,4,2,3,5,1,3,3,4,1,1,3,2,1,3,5,2,3,2,5,4,3,5,5,5,2,3,2,4,1,3,3,4,1,1,2,1,2,1,4,4,3,2,2,3,2,2,2,3,1,32,2,3,1,11,1,2,1,1,1,2,33000,Web Design,14,Retail - Sales Clerk,1,1,0,1,4,5,1,4,1,8,1,5,4,6,,4,1,0,4,2,1,1,1,2,2,4,4,4,2,5,4,1,4,5,4,2,1,3,3,2,2,3,2,2,3,4,4,4,,2,2,5,2,2,1,2,3,3,4,5,2,5,25,30,20,25,,,,,,,,,484,R_3MExwYYRSu9nZDN
4/9/20 09:36,4/9/20 09:43,0,68.116.212.195,100,377,1,4/9/20 09:43,R_2U9mskkcTy9o81l,,,,,30.54359436,-89.68959808,anonymous,EN,s78pdUQg,reading each thing and deciding the right choice.,1,3,4,5,3,2,4,3,2,3,4,5,4,3,5,4,3,1,2,4,5,3,2,2,5,5,4,2,1,4,2,4,3,4,1,5,4,3,5,3,3,4,5,4,5,4,3,4,3,5,5,4,3,3,4,5,5,3,3,5,4,3,3,4,5,5,4,5,3,4,5,5,4,3,3,5,5,3,4,4,5,4,3,4,5,4,5,4,3,4,5,5,4,3,4,1,33,2,3,1,1,4,4,6,6,3,1,50000,computer science ,17,Stocker,2,0,0,7,1,1,7,1,7,4,3,6,8,8,1,5,2,7,8,1,1,2,2,1,3,4,3,2,4,5,4,3,2,4,4,4,2,3,4,5,3,2,4,5,3,2,4,5,4,2,3,4,2,3,5,3,3,5,4,3,4,5,20,5,50,20,,5,6,7,5,4,5,7,590,R_2U9mskkcTy9o81l
4/9/20 09:35,4/9/20 09:45,0,144.92.38.231,100,640,1,4/9/20 09:45,R_1q9dLW9cDzuE2RD,,,,,43.07249451,-89.44909668,anonymous,EN,hgbHHiLn,I was trying to minimize the risk of the bad outcome.,1,5,5,0,0,0,0,5,5,0,0,0,5,5,0,3,0,1,5,5,0,0,0,5,5,5,0,0,0,5,5,3,0,0,1,1,5,1,3,1,1,4,1,2,5,4,2,4,4,5,5,1,5,5,5,1,1,4,3,1,1,3,1,3,1,5,5,5,5,5,4,2,5,4,5,3,4,5,3,1,1,1,1,1,1,4,4,4,4,1,3,3,1,3,5,1,38,2,4,1,8,1,1,1,1,5,1,26000,Art,20,"non-profit, captioning assistant",1,0,0,1,4,4,1,7,0,8,4,8,8,8,1,8,1,1,4,1,1,1,1,1,1,4,5,1,1,5,3,2,4,5,4,5,1,4,1,2,5,4,1,4,5,3,5,5,1,2,4,5,2,4,3,3,4,4,6,6,1,6,25,30,20,50,Everything worked and everything was easy to understand.,7,1,1,7,1,7,7,578,R_1q9dLW9cDzuE2RD
4/9/20 09:38,4/9/20 09:49,0,103.82.211.200,100,656,1,4/9/20 09:49,R_escKNPmTrsHSAWl,,,,,12.73649597,77.83261108,anonymous,EN,5897YtOK,correct function,1,4,3,2,3,2,3,4,3,2,3,4,3,3,2,3,4,1,4,4,2,3,4,3,2,3,3,3,2,3,2,3,4,3,1,4,3,2,2,3,4,4,3,2,2,3,4,3,2,3,3,4,3,2,3,2,3,4,3,2,3,4,3,4,3,2,3,3,4,2,3,3,4,3,2,1,2,3,4,3,3,4,3,2,4,3,3,2,4,4,3,2,1,2,4,1,39,4,2,6,6,2,2,3,3,2,3,25000,no,13,self,4,0,1,6,5,4,5,6,6,4,4,6,5,5,0,5,3,4,5,2,2,1,1,2,2,3,3,3,2,2,3,4,3,3,2,3,4,3,2,3,3,2,3,4,3,3,2,3,1,3,4,3,2,3,5,4,3,4,5,4,3,4,10,20,10,80,no,6,5,5,3,4,5,4,556,R_escKNPmTrsHSAWl
4/9/20 09:41,4/9/20 09:52,0,65.26.227.211,100,613,1,4/9/20 09:52,R_2cpeXz8o287LVZ4,,,,,43.019104,-88.01580048,anonymous,EN,r6UEHaGc,I decided to focus on being cautious. I didn't want to risk making the patient worse.,1,4,4,3,3,3,0,4,3,3,3,3,5,4,3,4,1,1,5,4,4,5,3,5,5,4,4,4,3,1,0,1,4,1,1,1,5,1,3,2,3,5,2,2,5,4,3,4,2,5,5,1,5,4,5,3,2,2,3,2,3,3,1,4,1,5,5,5,5,5,2,2,5,5,5,2,5,4,4,1,1,2,1,1,1,3,5,5,5,2,2,2,2,2,5,1,34,7,2,1,7,1,1,1,1,1,5,20000,English,16,IT,2,0,0,6,1,4,6,2,3,4,4,1,2,5,1,6,4,3,6,2,2,2,1,2,2,5,4,4,4,5,2,2,3,5,2,3,1,5,3,3,5,3,2,5,4,4,5,5,1,1,3,5,1,3,1,1,1,3,1,3,3,2,40,3,50,25,,7,1,1,7,1,7,7,586,R_2cpeXz8o287LVZ4
4/9/20 09:38,4/9/20 09:52,0,71.7.224.102,100,870,1,4/9/20 09:52,R_bl9AYAeXu1RlJ0R,,,,,44.63439941,-63.5821991,anonymous,EN,G6aoRvwe,accoring to orange and blue colors,1,3,4,2,4,3,4,2,3,3,1,4,3,3,4,4,2,1,4,3,4,5,3,3,4,5,2,4,3,3,5,4,4,3,1,4,3,4,2,3,3,4,2,3,3,2,3,4,2,4,3,3,2,3,2,3,4,3,3,2,4,3,3,3,4,3,2,4,3,4,4,3,2,3,4,4,4,3,3,4,4,3,3,2,4,4,3,4,3,3,5,4,3,4,4,1,28,4,3,6,6,3,3,5,4,4,3,15000,Information technology,16,IT analyst,3,1,0,5,3,5,4,5,6,5,4,3,4,2,0,5,3,5,5,2,1,1,1,1,1,4,3,4,3,3,5,3,4,4,3,4,3,4,5,4,3,3,4,3,2,3,2,2,1,3,4,3,2,3,4,3,5,4,5,5,4,5,30,25,10,0.5,nice task. Everything worked perfectly. Thank you for the work :),6,4,6,5,4,3,6,590,R_bl9AYAeXu1RlJ0R
4/9/20 09:42,4/9/20 09:53,0,106.197.38.45,100,700,1,4/9/20 09:53,R_2zwG7ttkt6Zen2A,,,,,11.65379333,78.15539551,anonymous,EN,JbX9YBwz,good,1,3,3,4,4,5,3,2,4,3,2,4,5,3,2,4,3,1,3,4,3,2,4,3,5,4,4,3,4,4,5,3,4,4,1,4,4,3,5,4,5,5,4,5,4,3,4,4,5,4,5,5,4,4,3,4,4,5,3,2,4,5,4,5,4,4,3,4,4,5,4,4,5,2,4,4,5,3,4,5,4,5,3,4,3,4,4,5,4,4,5,3,4,4,5,1,25,4,3,6,6,2,2,3,3,3,3,20000,Engineering ,16,Manager,2,1,0,7,5,4,4,5,6,5,7,7,8,6,0,7,8,5,4,2,1,2,3,2,2,4,5,3,4,3,4,4,5,3,2,3,4,3,5,4,4,3,4,4,5,3,2,4,1,3,4,4,3,5,5,4,5,6,5,4,5,5,400,25,35,10,good study ,7,1,1,7,1,6,7,625,R_2zwG7ttkt6Zen2A
4/9/20 09:48,4/9/20 09:54,0,181.214.123.186,100,358,1,4/9/20 09:54,R_2OYCb9XDY7KEQ7y,,,,,41.84829712,-87.65170288,anonymous,EN,RQ8VKoV8,good,1,3,4,3,3,3,4,3,3,3,4,3,2,4,3,4,3,1,3,4,3,2,3,4,3,3,4,3,3,4,3,2,3,3,1,4,3,3,4,4,3,3,4,4,3,4,4,3,3,4,4,3,3,4,3,3,4,4,2,3,4,4,4,4,3,3,4,4,3,4,3,4,3,3,4,2,3,4,4,3,4,3,3,4,4,2,3,3,4,4,3,3,4,3,4,2,55,2,3,1,1,2,3,2,2,5,3,99999,CSE,15,Manager,1,1,1,5,7,5,5,6,5,6,5,5,6,4,1,4,5,6,5,2,2,3,2,2,2,3,4,3,3,4,3,3,4,3,3,4,3,4,3,4,4,3,4,4,3,4,3,4,1,4,4,3,4,4,4,5,4,4,5,4,4,5,200,5,50,10,nil,7,1,1,7,1,6,7,580,R_2OYCb9XDY7KEQ7y
4/9/20 09:32,4/9/20 09:54,0,69.61.31.217,100,1309,1,4/9/20 09:54,R_2ttUS7bYcOzSO1H,,,,,37.75100708,-97.8219986,anonymous,EN,spGR9XvT,NO,1,5,4,5,4,5,4,5,4,5,4,3,4,5,4,5,4,1,4,5,4,5,4,5,4,5,5,4,5,4,5,4,5,5,1,4,5,4,4,4,5,4,5,4,4,4,5,4,5,5,4,4,5,4,5,4,5,4,4,4,5,4,4,5,4,5,4,5,4,5,4,4,5,4,5,4,5,5,4,5,5,4,4,4,5,4,5,5,4,4,5,4,4,5,4,2,30,2,4,1,1,4,4,5,5,5,3,50000,MASTER DIGREE,9,USA,1,0,1,6,7,6,7,6,7,8,7,8,7,8,1,6,8,7,8,2,2,2,1,2,1,5,4,5,4,5,4,5,4,4,5,4,5,4,5,4,5,4,5,4,5,4,5,4,5,4,4,5,4,5,6,5,6,5,6,1,6,5,10000,5,5,10,NICE,6,7,5,7,7,6,6,715,R_2ttUS7bYcOzSO1H
4/9/20 09:43,4/9/20 09:54,0,196.17.67.59,100,664,1,4/9/20 09:54,R_2yqNV314zxRMy25,,,,,34.05439758,-118.2440033,anonymous,EN,Rp8H93tM,good task,1,4,3,5,4,4,3,5,3,4,3,5,4,3,5,4,3,1,4,3,5,4,3,5,4,3,5,4,3,5,4,3,5,4,1,4,5,3,4,3,5,4,5,3,5,3,4,5,3,4,3,5,4,4,3,5,4,5,3,4,3,5,5,4,3,5,5,4,3,4,5,4,5,3,4,4,3,5,4,5,4,3,5,4,5,3,4,3,5,4,3,5,4,3,5,2,28,2,4,1,1,3,3,5,5,4,3,100000,computer science,12,IT supervisor,2,1,1,6,5,7,6,7,6,7,5,7,6,8,1,6,5,7,4,1,2,3,2,2,3,4,5,3,4,4,3,5,3,4,3,5,4,3,4,3,5,4,3,5,3,4,3,5,1,4,3,5,3,4,5,4,6,4,4,5,4,5,60,5,64,40,nice survey,6,4,7,5,6,4,7,655,R_2yqNV314zxRMy25
4/9/20 09:42,4/9/20 09:56,0,223.181.243.54,100,838,1,4/9/20 09:56,R_2BrMkagHavuHIuv,,,,,11.00750732,76.96710205,anonymous,EN,3n0LqraY,it is veery intreresting task only press the key z or m,1,4,3,3,4,4,3,4,3,4,3,2,3,4,3,4,3,1,4,3,4,3,2,3,2,3,4,3,4,3,4,3,3,4,0,4,3,4,3,3,4,3,4,3,4,3,4,3,4,3,4,3,4,4,3,3,4,3,4,3,3,4,4,3,4,3,2,3,4,3,2,4,3,2,3,3,4,3,3,4,4,3,3,2,3,4,3,3,4,4,3,3,4,3,4,1,24,4,3,6,9,2,2,2,2,3,3,20000,computer sceince,17,data entry,1,0,1,5,5,4,6,5,6,6,5,6,5,4,1,7,4,7,5,1,2,1,2,2,2,4,3,4,3,4,3,4,3,4,3,4,3,3,4,3,4,3,4,4,3,4,4,3,1,4,4,3,4,3,5,4,4,5,4,4,5,4,100,3,11,20,good experience,6,5,6,5,4,5,6,598,R_2BrMkagHavuHIuv
4/9/20 09:45,4/9/20 09:59,0,73.120.232.92,100,800,1,4/9/20 09:59,R_ptRRGS2XShuUIQF,,,,,41.58760071,-87.37270355,anonymous,EN,6i3EqZDn,I went we the odds or helping or hurting.,1,4,5,0,0,0,0,4,5,0,0,1,5,5,0,5,0,1,5,5,0,1,0,5,1,5,2,3,0,1,2,1,0,0,1,2,5,1,5,1,1,5,1,5,5,2,1,5,1,5,4,1,5,1,5,4,1,1,5,1,1,2,1,5,1,4,5,5,4,5,1,1,5,1,5,2,1,5,5,1,2,1,1,4,2,1,5,5,4,1,2,4,1,1,5,1,38,1,3,1,1,3,4,2,6,6,3,45000,Computer Science,16,Technical Support,1,1,0,1,7,1,1,7,1,8,8,4,3,8,1,6,4,5,6,2,2,1,2,2,1,2,5,1,1,4,1,2,5,5,2,5,2,4,1,1,3,2,1,5,5,5,5,3,1,1,5,3,1,5,6,6,6,5,6,5,5,6,25,30,20,50,Everything worked.,7,1,1,7,1,7,7,583,R_ptRRGS2XShuUIQF
4/9/20 09:44,4/9/20 10:00,0,157.46.61.156,100,984,1,4/9/20 10:00,R_1ieV3o4v9vxAQoG,,,,,13.08599854,80.27508545,anonymous,EN,rZDnjayf,if the blue area is larger than orange i chose  that option otherwise i choose no treatment,1,4,4,4,4,4,4,4,4,4,4,4,4,4,0,3,0,1,4,4,4,4,5,4,5,4,4,4,4,4,4,4,0,3,1,5,5,1,4,4,5,5,1,5,4,1,1,5,5,5,5,5,5,1,5,5,5,1,5,1,1,5,1,5,5,5,5,5,5,5,1,2,4,4,5,5,5,5,5,1,5,1,1,2,4,4,4,4,1,1,4,5,4,4,4,1,26,4,3,8,8,1,1,1,1,1,1,10000,Mechanical,19,unemployed,3,1,0,1,4,7,1,5,4,8,5,5,5,5,1,7,3,2,5,3,3,3,3,3,1,5,5,5,1,4,4,4,4,4,4,4,1,4,1,1,4,1,1,4,4,4,4,4,1,1,4,4,1,5,1,3,6,6,4,5,5,4,25,25,24,1,all good thank you,7,1,1,7,1,7,7,637,R_1ieV3o4v9vxAQoG
4/9/20 09:40,4/9/20 10:01,0,157.50.236.212,100,1238,1,4/9/20 10:01,R_23Vr9p5aWWqGiyz,,,,,13.08599854,80.27508545,anonymous,EN,hUAKtOra,Easy,1,3,1,4,2,4,0,1,1,3,2,0,1,3,4,1,4,1,3,2,5,3,1,1,3,5,1,3,0,3,1,3,2,5,1,5,5,3,2,4,3,5,2,4,3,5,4,4,3,4,3,5,4,2,4,4,2,3,5,4,4,2,4,2,5,4,3,3,1,4,3,4,3,1,4,5,4,4,5,2,4,2,2,1,4,3,4,3,1,4,4,2,1,4,3,1,29,4,3,6,6,2,2,5,5,6,3,10000,Engineering ,17,Teacher,1,0,0,4,4,4,4,4,4,6,8,3,5,7,1,4,6,8,8,2,3,2,1,3,3,2,3,4,2,4,4,2,1,3,5,4,5,2,1,3,4,1,3,4,4,5,5,4,1,3,2,4,5,3,6,6,4,6,6,4,5,6,150,5,6,10,,7,1,1,4,1,1,7,570,R_23Vr9p5aWWqGiyz
4/9/20 09:52,4/9/20 10:01,0,172.78.254.183,100,548,1,4/9/20 10:01,R_sXLlJtLMUqYFdkJ,,,,,38.74259949,-86.47609711,anonymous,EN,4MPSxKKs,very simple,1,5,3,4,3,5,4,5,5,4,5,5,4,4,3,4,4,1,5,4,3,4,5,4,4,3,4,4,4,3,4,5,3,4,1,4,5,4,3,5,4,2,4,4,4,3,4,5,3,4,2,3,4,4,3,4,2,3,4,3,2,4,3,2,4,4,2,3,2,3,3,3,2,4,3,2,4,3,4,3,4,3,5,3,2,3,4,3,3,3,2,4,3,2,4,1,32,3,3,1,1,4,3,5,5,5,3,8000,civil,16,construction field engineer,2,1,1,7,6,7,5,6,8,8,6,5,7,5,1,4,7,6,4,1,1,2,3,2,2,5,4,5,4,4,5,4,3,4,4,4,4,3,3,4,4,3,4,3,4,4,3,4,1,4,4,4,5,4,6,5,4,6,6,6,4,6,70,50,6,80,no very interesting,5,3,5,6,4,6,5,659,R_sXLlJtLMUqYFdkJ
4/9/20 09:44,4/9/20 10:02,0,216.164.179.28,100,1051,1,4/9/20 10:02,R_1JCoCNORvD0wlUB,,,,,40.66569519,-75.33640289,anonymous,EN,jaLMKMni,"I feel like I became less risk-taking as the decisions went on. I thought about it, yes it would be nice if the condition were cured but the bad scenario is much worse in my opinion. ",1,5,5,0,1,1,0,5,5,1,1,0,5,5,1,2,2,1,5,4,1,2,1,4,5,4,0,1,0,3,1,1,1,3,1,3,5,4,3,1,1,5,1,3,5,1,1,5,2,5,3,1,3,4,5,1,1,1,3,1,1,3,3,2,1,3,5,2,5,5,3,1,4,4,5,4,2,5,2,1,4,1,4,1,1,5,5,5,4,1,5,5,1,4,5,2,23,8,3,1,1,2,3,3,6,1,2,5000,"Cognitive Science and Nursing - Did not start my career yet, should start in a few weeks",17,Unemployed. Will find a nursing job in a few weeks after getting licensed.,1,1,0,1,5,2,4,4,1,7,8,4,4,4,1,8,3,3,7,2,1,1,1,1,2,5,5,1,1,5,3,1,5,5,3,5,1,3,1,1,5,3,1,3,5,5,5,5,1,2,5,5,2,5,6,6,6,6,6,6,1,6,25,30,20,50,"There were some questions whose answers I believe were worded incorrectly. I copied/pasted: ""When people tell you the chance of something happening, do you prefer that they use words (""it rarely happens"") or numbers (""there's a 1% chance"")? ""     I wanted to pick numbers, but it was a scale from agree/disagree  ",7,1,1,7,1,7,7,612,R_1JCoCNORvD0wlUB
4/9/20 09:55,4/9/20 10:07,0,75.137.0.217,100,707,1,4/9/20 10:07,R_2VwPcZ9CBD5Qntf,,,,,34.00140381,-84.01439667,anonymous,EN,VXWRgPl5,VXWRgPl5,1,1,1,1,4,5,5,4,5,4,3,4,3,4,1,3,4,0,1,1,1,1,2,0,1,1,1,3,1,1,1,4,1,1,0,2,2,2,2,2,2,2,2,2,2,2,2,2,2,2,2,2,2,2,2,2,2,2,2,3,2,2,2,2,2,2,2,2,2,2,2,2,2,2,2,2,2,2,2,2,2,2,2,2,2,2,2,2,2,4,2,2,2,2,3,1,36,6,3,9,10,4,2,3,4,5,3,20,50,10th,60,1,0,1,6,7,6,7,6,1,1,1,1,1,1,0,1,6,2,8,2,2,2,3,1,1,4,2,2,2,3,3,2,3,2,2,2,2,2,2,2,2,4,2,2,2,2,2,2,2,2,2,2,4,2,6,5,6,5,2,2,2,2,300,2,50,20,no,6,6,5,6,6,6,6,517,R_2VwPcZ9CBD5Qntf
4/9/20 09:59,4/9/20 10:09,0,45.72.6.95,100,601,1,4/9/20 10:09,R_3szBNPcxRBTTXdb,,,,,42.37969971,-71.10340118,anonymous,EN,9Z5vJ7oT,i was follow the instruction.,1,5,4,5,5,5,4,5,5,4,5,5,4,5,4,5,4,1,5,4,5,5,4,5,4,5,5,4,5,4,5,4,5,5,1,4,4,5,3,5,4,5,1,4,5,4,5,5,4,5,5,4,5,5,4,5,5,4,4,4,5,4,5,5,4,4,3,5,4,4,5,5,4,4,5,4,5,3,5,5,4,4,4,5,5,4,4,4,4,4,5,3,4,5,5,2,28,2,4,1,1,3,3,4,4,4,3,95000,computer,18,programmer,2,1,1,7,2,7,7,2,8,8,8,8,7,8,1,8,8,8,8,1,3,3,3,2,2,5,4,5,5,5,5,4,5,4,5,5,5,5,4,5,5,4,5,5,5,4,5,5,1,5,5,5,4,5,6,6,5,6,6,6,5,6,200,15,10,10,"none,nice experiment",6,1,1,2,3,1,7,699,R_3szBNPcxRBTTXdb
4/9/20 09:54,4/9/20 10:13,0,59.92.176.169,100,1127,1,4/9/20 10:13,R_2YGjI07ZeiOinR8,,,,,11.00750732,76.96710205,anonymous,EN,BVrjUt32,If the cure is more percent I will use that option otherwise no treatment option I choose.,1,3,1,4,5,1,5,5,1,1,4,1,1,1,4,1,5,1,3,5,5,4,5,5,4,5,4,4,5,3,4,5,5,5,1,4,5,2,5,4,3,5,1,4,4,2,1,5,2,5,4,5,4,2,5,4,2,5,4,5,1,4,2,5,4,4,5,5,2,4,5,2,5,1,2,5,1,4,5,2,4,1,1,4,2,1,5,4,1,4,5,5,1,2,5,1,26,4,3,6,6,3,3,5,5,4,1,6000,Computer Science,14,Full time - Information Technology - Team Leader,2,1,1,7,5,6,1,7,7,6,7,8,8,6,1,7,7,8,8,2,2,1,1,2,1,4,3,4,2,4,2,4,5,4,5,4,2,1,2,4,5,3,2,4,4,5,5,5,1,2,1,4,3,4,4,4,5,5,5,4,5,6,25,30,20,0.5,Everything works well. Interesting questions to answers.,7,1,1,7,1,7,7,657,R_2YGjI07ZeiOinR8
4/9/20 09:48,4/9/20 10:13,0,157.50.23.179,100,1545,1,4/9/20 10:13,R_2y1wevP8Ky0i8lU,,,,,13.08599854,80.27508545,anonymous,EN,tNtnwMbS,Based on the risk  ,1,3,5,4,5,5,3,4,5,5,5,5,5,4,5,5,4,1,5,5,4,5,5,5,4,5,5,4,4,5,5,4,4,3,1,5,5,1,4,3,3,5,1,4,4,2,1,3,1,4,3,1,4,1,3,3,1,1,4,2,1,5,2,1,2,1,5,4,1,4,2,1,4,2,3,5,1,4,5,1,3,1,1,5,2,1,4,5,1,2,5,4,1,2,4,1,34,4,3,6,6,3,3,5,4,6,3,30000,Engineering,16,Manufacturing-Manager,3,1,0,3,3,7,5,5,4,7,5,6,3,8,1,8,8,7,7,1,1,1,1,1,1,1,5,1,2,4,3,3,5,5,2,5,2,3,1,3,3,1,1,4,3,5,4,3,1,1,1,3,2,5,5,6,6,6,6,4,5,6,25,30,20,0.5,Everything worked fine. ,7,1,1,7,1,7,7,686,R_2y1wevP8Ky0i8lU
4/9/20 09:51,4/9/20 10:14,0,42.106.176.24,100,1403,1,4/9/20 10:14,R_SCcYJNB2OcWaO1r,,,,,9.919006348,78.11950684,anonymous,EN,F3B2HPJG,TREATMENT DECISION,1,4,5,3,3,5,4,2,3,1,4,3,2,4,2,5,3,1,4,3,5,3,4,5,3,2,4,4,5,3,2,5,3,5,1,4,5,3,3,4,3,5,2,4,4,3,5,2,3,4,2,3,4,2,4,5,3,4,2,5,5,4,3,3,2,4,2,3,3,4,4,5,2,3,5,3,3,2,4,4,4,5,3,3,2,3,5,4,2,2,4,5,3,2,5,1,30,4,3,1,1,3,2,5,5,6,1,30000,ECONOMIC,17,MANAGER,2,1,1,5,4,4,3,4,7,4,4,7,5,4,1,6,5,4,8,2,2,1,3,2,3,3,4,5,3,4,3,4,5,3,2,4,5,2,3,4,5,3,3,4,5,2,3,3,1,4,5,3,2,4,4,4,5,5,4,6,6,5,100,5,12,25,THANKS FOR THE OPPORTUNITY. GOOD EXPERIMENT.,7,1,2,7,1,5,5,607,R_SCcYJNB2OcWaO1r
4/9/20 10:07,4/9/20 10:18,0,157.51.192.113,100,640,1,4/9/20 10:18,R_e8uDNlHuTPDZTrz,,,,,13.08599854,80.27508545,anonymous,EN,v2L2OMbO,Easy to decide decision.,1,3,4,2,3,1,4,2,2,4,5,2,3,3,2,0,4,1,3,4,5,3,1,4,2,5,1,5,1,3,2,4,3,5,1,4,5,3,4,5,5,5,1,3,4,5,2,5,3,4,4,5,5,3,4,4,3,2,5,2,4,5,2,1,4,3,2,3,1,5,1,1,4,1,4,5,5,4,5,2,4,2,1,2,1,3,4,2,1,5,4,5,1,4,5,1,27,4,3,6,6,2,3,5,5,6,3,12500,Mechanical Engineering,17,Product Designer,1,0,1,4,6,4,5,5,8,4,5,1,7,4,1,5,4,7,8,3,1,2,3,1,2,2,3,1,3,4,4,2,3,4,5,4,5,3,1,2,4,2,3,4,4,3,5,5,1,3,4,5,3,4,6,6,6,6,5,4,6,6,15,21,11,7,,7,1,2,7,1,6,7,628,R_e8uDNlHuTPDZTrz
4/9/20 10:05,4/9/20 10:18,0,66.219.236.169,100,760,1,4/9/20 10:18,R_2c0FzUdnywHeyE1,,,,,40.25840759,-111.6591034,anonymous,EN,zjYVz9rC,I didn't pick a treatment where the risk was higher than the potential benefit.,1,4,5,3,3,4,0,5,5,3,2,4,5,5,3,4,5,1,5,5,3,3,4,5,4,3,1,4,4,3,3,2,4,5,1,1,4,2,1,3,1,4,4,1,4,3,4,4,5,2,4,2,4,5,4,1,2,4,2,2,4,4,2,1,3,5,3,3,5,4,4,2,3,5,5,2,3,4,1,2,2,3,2,1,2,5,4,4,5,3,2,3,2,5,3,2,24,2,3,1,1,2,2,3,4,1,3,42000,Dietetics,16,Manufacturing - Document Control Specialist,2,1,0,7,1,1,7,1,3,6,5,4,6,6,1,8,5,4,7,2,2,2,2,1,1,4,4,3,2,4,4,1,3,4,5,4,2,2,2,3,3,5,2,2,4,4,4,4,1,4,3,4,4,3,3,4,5,5,5,5,2,5,25,30,20,50,,7,1,2,7,1,7,7,609,R_2c0FzUdnywHeyE1
4/9/20 09:44,4/9/20 10:21,0,18.188.218.122,100,2224,1,4/9/20 10:21,R_2pMk6qQHOSrGPeR,,,,,39.96530151,-83.02349854,anonymous,EN,H1n3NxTE,simply,1,2,2,3,4,3,3,1,3,4,4,2,3,4,4,2,3,1,2,3,3,4,2,3,3,4,3,4,2,3,2,2,3,3,1,4,4,3,4,3,2,4,2,3,4,3,3,4,4,3,4,4,3,4,4,2,3,3,2,4,3,4,2,3,4,4,3,2,3,4,4,2,3,3,4,4,3,4,3,4,4,2,2,3,2,3,4,4,2,3,4,4,2,3,3,2,41,6,3,1,1,2,2,5,5,4,3,55000,Engineering,16,Designer in Constructions,1,1,1,2,6,4,3,5,5,4,6,5,3,5,1,5,4,3,7,1,2,2,1,2,2,4,3,3,2,4,4,3,3,2,4,4,3,3,2,4,3,3,3,4,4,3,3,4,1,2,2,3,3,4,4,5,3,3,4,2,3,4,20,5,24,30,Everything are good,5,2,4,5,2,5,5,562,R_2pMk6qQHOSrGPeR
4/9/20 09:40,4/9/20 10:21,0,82.33.84.244,100,2484,1,4/9/20 10:21,R_V2oiCuxUtiHzqH7,,,,,52.43910217,-1.50390625,anonymous,EN,SZZHEbCj,I made decisions based on the possibility that patients will get a better effect or not.,1,3,5,4,2,2,1,5,5,2,3,4,5,4,2,2,0,1,5,4,2,1,3,4,5,5,1,2,4,5,0,4,0,0,1,2,4,3,3,2,3,4,5,3,4,3,3,4,2,4,4,4,2,3,2,1,3,5,3,2,4,3,4,4,4,4,3,2,4,2,5,3,2,3,4,2,4,2,3,2,2,3,4,2,3,4,4,3,3,2,3,4,4,3,3,1,29,4,4,5,11,1,2,1,1,2,1,7000,marketing,20,homemaker,4,1,0,4,4,4,4,6,4,7,6,6,6,7,1,4,3,6,5,2,1,1,1,2,3,4,4,2,3,5,5,2,3,4,4,3,2,3,3,4,3,5,1,2,3,5,4,2,1,3,2,3,4,3,5,5,5,5,5,6,5,6,40,30,20,4,It worked out well.,7,1,2,7,1,7,7,564,R_V2oiCuxUtiHzqH7
4/9/20 10:12,4/9/20 10:23,0,181.214.99.55,100,662,1,4/9/20 10:23,R_2zjNcKdWMDfcIKu,,,,,41.84829712,-87.65170288,anonymous,EN,bhgpdiCH,based on the instruction,1,4,3,4,4,3,4,3,4,5,4,3,4,3,4,3,4,1,4,4,4,4,3,2,3,3,4,4,3,4,3,4,3,4,1,4,4,3,3,4,4,4,4,4,4,4,5,5,4,5,5,4,4,4,5,5,4,4,4,5,5,4,3,4,5,4,4,5,3,4,4,4,3,4,4,4,4,4,5,4,4,4,3,4,4,4,4,4,4,4,4,4,3,4,4,2,30,2,4,1,1,4,3,6,5,5,3,75000,computer,18,administrator,1,1,1,3,7,7,5,6,4,8,4,8,4,4,1,4,6,4,6,1,1,2,1,1,1,4,3,3,4,3,3,4,3,4,3,3,4,3,4,4,3,4,3,3,4,3,4,3,1,4,3,4,3,4,6,4,5,4,5,4,5,4,200,25,45,10,nice,5,6,6,5,6,6,6,615,R_2zjNcKdWMDfcIKu
4/9/20 09:46,4/9/20 10:24,0,173.244.36.5,100,2299,1,4/9/20 10:24,R_20UnYJ8jMRRAskp,,,,,33.45320129,-112.0748978,anonymous,EN,hmzy534A,base on the instruction given,1,5,5,5,3,5,5,5,5,5,4,5,5,5,5,5,3,1,5,5,5,5,5,5,5,5,1,2,5,5,2,5,3,5,1,5,5,1,5,4,5,5,1,5,1,3,1,5,1,5,4,5,5,1,4,5,1,1,5,1,1,5,1,5,5,3,5,5,1,5,2,1,5,1,5,5,1,5,5,1,1,1,1,5,1,1,5,5,1,1,5,5,1,1,5,1,35,2,3,1,1,1,1,2,2,3,3,68000,Computer,16,"IT, Computer Analyst",1,1,0,1,6,1,1,6,7,8,8,8,8,8,1,8,5,7,8,2,1,1,1,2,1,1,5,1,1,4,4,3,5,5,3,5,5,4,1,2,4,3,1,5,5,5,5,5,1,1,5,4,4,5,5,6,5,6,6,4,4,6,10,30,35,15,everything was understandable,7,1,1,7,1,7,7,681,R_20UnYJ8jMRRAskp
4/9/20 10:15,4/9/20 10:24,0,69.115.255.141,100,549,1,4/9/20 10:24,R_UMFJxghV2r2WUaR,,,,,40.61860657,-73.92720032,anonymous,EN,82RVyMsJ,"If the blue is bigger than the orange, it's good.",1,2,4,2,2,4,0,4,5,2,1,1,3,4,2,3,0,1,2,4,3,2,2,5,2,3,2,3,2,1,3,2,0,2,1,3,4,5,2,4,4,3,5,3,4,3,5,2,1,3,3,4,2,3,4,2,5,4,2,3,4,3,4,3,2,3,4,4,2,3,4,2,3,2,3,2,4,1,2,3,3,2,3,3,4,3,3,2,1,3,2,3,3,2,4,1,29,1,3,11,11,1,1,1,1,1,1,31000,Computer Systems,16,IT Associate,1,0,0,1,5,7,1,6,4,7,5,5,4,7,1,5,3,2,4,3,2,2,2,2,2,3,2,1,2,3,2,4,5,3,2,3,4,3,2,2,1,2,4,2,3,5,3,4,1,4,5,3,2,5,3,4,5,5,5,6,5,6,30,25,35,4,Everythings cool,7,1,3,7,1,6,7,527,R_UMFJxghV2r2WUaR
4/9/20 09:44,4/9/20 10:24,0,146.255.182.105,100,2394,1,4/9/20 10:24,R_33pVqgwdWql6mYc,,,,,59.43299866,24.7322998,anonymous,EN,s9JzpfgL,By choosing from the chances from no changes to full cure ie. if the orange area had 1/3 or more space-> then I chose -> no treatment.,1,3,4,2,3,2,0,4,4,4,3,4,4,4,2,4,3,1,4,3,5,4,4,5,5,4,5,2,3,5,1,3,5,4,1,5,5,4,3,4,4,4,4,3,4,1,3,3,3,4,2,2,4,4,4,3,2,4,3,1,2,4,4,4,3,2,4,4,3,4,3,3,4,2,4,3,2,4,4,1,5,2,2,3,4,2,4,4,1,3,4,4,4,3,4,1,49,2,3,1,1,2,2,3,2,1,2,20000,Engineering,15,Currently unemployed,2,1,0,5,3,4,6,2,4,6,5,4,4,6,1,8,5,6,7,2,1,1,1,2,2,2,3,2,3,5,1,3,5,5,3,4,1,3,2,2,4,3,2,4,4,4,5,4,1,1,3,4,1,3,3,4,5,5,5,5,4,6,25,30,20,25,Everything worked as expected. Thank you !,7,1,1,7,1,7,7,601,R_33pVqgwdWql6mYc
4/9/20 09:29,4/9/20 10:26,0,73.124.103.214,100,3428,1,4/9/20 10:26,R_1rcWIDkTJhNz94E,,,,,25.99200439,-80.27020264,anonymous,EN,WUTFOue2,I made it based on the safest choice. I didn't want to take too much of a risk.,1,0,0,0,3,5,0,0,5,5,3,5,5,0,4,5,0,1,3,2,2,3,5,5,5,3,3,2,4,5,2,2,3,3,1,4,4,1,5,2,4,4,1,4,5,1,1,4,1,4,1,1,3,1,3,3,1,1,4,1,4,4,1,4,1,1,3,4,1,3,1,1,4,1,5,4,1,4,4,1,5,1,1,4,1,1,4,4,1,3,4,4,1,1,4,1,29,2,2,8,8,1,1,1,1,1,2,40000,Business,14,Sales Manager,3,1,0,2,4,7,4,2,4,4,6,4,5,0,1,1,1,1,4,2,1,1,1,1,1,3,4,1,1,4,4,1,5,3,2,4,1,3,1,1,3,1,1,4,4,4,5,4,1,1,4,3,1,4,2,2,1,1,3,2,3,4,25,25,15,15,,6,2,2,6,1,6,6,545,R_1rcWIDkTJhNz94E
4/9/20 10:00,4/9/20 10:29,0,157.51.66.181,100,1710,1,4/9/20 10:29,R_5nAESUNdIFax0ad,,,,,13.08599854,80.27508545,anonymous,EN,1gDkJcCP,SURE,1,5,4,4,5,5,4,4,5,5,4,5,5,3,5,5,4,1,5,5,4,5,5,3,4,4,5,4,5,5,3,4,3,5,1,5,5,4,4,5,3,4,4,5,5,4,4,5,3,5,4,4,5,4,4,5,4,4,5,5,4,5,4,5,3,4,4,5,3,4,4,5,5,4,5,5,5,4,5,4,5,5,5,3,4,4,5,5,5,5,3,5,4,4,5,1,26,4,3,6,6,2,4,3,3,4,1,40000,COMPUTER SEICENCE ,16,self-employed,2,0,1,7,6,7,6,6,8,7,8,8,7,7,1,7,8,6,8,2,2,1,1,3,2,5,4,5,5,4,3,5,5,5,4,5,4,5,3,5,5,3,5,5,4,4,5,4,1,5,4,4,5,5,6,5,5,6,6,5,5,6,10,30,20,0.05,very nice,7,6,6,7,7,5,6,716,R_5nAESUNdIFax0ad
4/9/20 10:25,4/9/20 10:33,0,64.39.93.152,100,488,1,4/9/20 10:33,R_OcZnv33QIJWDPMZ,,,,,45.65739441,-68.71019745,anonymous,EN,0xKNli3l,by what color was the most,1,3,3,1,4,4,1,3,3,3,2,4,3,3,2,3,4,1,3,4,3,3,4,1,4,4,3,4,1,0,4,4,3,4,1,4,4,5,4,4,4,4,5,4,4,5,5,5,5,5,5,5,5,5,4,1,5,5,5,5,5,5,5,5,4,5,5,5,5,5,4,5,5,5,5,1,5,5,5,4,5,3,5,5,5,3,5,2,5,5,5,5,5,5,5,2,31,2,3,8,7,1,1,1,1,2,1,20k,computers,4,it tech,1,0,1,1,7,5,1,7,7,4,6,5,6,4,1,5,5,6,6,1,2,3,2,2,1,4,3,4,2,5,4,3,4,5,4,4,3,5,4,4,3,2,5,2,3,5,4,3,1,4,3,3,5,4,4,3,6,5,4,5,5,6,50,25,10,15,,7,1,1,1,1,7,7,570,R_OcZnv33QIJWDPMZ
4/9/20 10:21,4/9/20 10:33,0,160.3.43.65,100,722,1,4/9/20 10:33,R_1rP0N3KwWEwsMsM,,,,,30.35740662,-89.16490173,anonymous,EN,wpchz8fz,I tried to avoid the negative effects especially if they were more likely than the positive. I would rather have no effect than negative.,1,4,4,4,3,3,0,5,4,3,1,2,5,5,4,4,4,1,5,4,5,5,4,5,5,5,2,3,3,2,0,2,5,4,1,2,4,2,1,2,2,4,2,2,2,4,2,3,4,2,4,2,5,5,5,2,2,3,2,4,4,3,4,2,3,5,3,4,5,4,3,2,3,4,3,2,4,3,2,2,2,2,2,1,2,4,4,4,4,2,2,2,4,5,2,2,31,2,2,1,1,2,2,1,6,1,3,30000,Radiology,15,Technology freelancer full time,2,0,0,6,1,3,6,1,2,4,4,4,4,2,1,5,5,2,5,2,2,2,2,2,2,4,4,2,2,4,5,1,4,4,5,4,2,2,2,2,4,5,2,1,5,4,5,4,1,5,4,4,5,4,1,1,1,1,5,4,4,5,50,30,40,20,Everything worked and was easy to follow and understand,7,1,1,7,1,7,7,572,R_1rP0N3KwWEwsMsM
4/9/20 10:24,4/9/20 10:33,0,168.235.94.218,100,546,1,4/9/20 10:34,R_tDGkJxHe6kSryGR,,,,,45.54960632,-122.5043945,anonymous,EN,06h0Zgl2,good,1,5,4,5,4,5,5,4,5,5,5,4,4,5,4,5,4,0,5,5,5,4,5,5,4,5,4,5,4,5,5,4,5,5,1,5,4,5,4,5,5,4,5,5,4,5,5,5,4,5,5,4,5,4,4,5,5,4,5,5,5,5,4,5,5,4,5,5,5,4,4,5,4,5,5,5,5,4,5,5,4,5,4,4,4,5,5,4,5,5,4,5,5,5,5,1,33,1,3,1,1,4,4,6,5,3,3,60000,BA,20,SELF EMPLOYED,2,0,1,6,6,7,6,7,7,8,7,7,7,8,0,8,7,7,7,2,2,3,3,2,2,4,5,4,5,5,5,5,5,4,5,5,5,5,5,5,5,4,4,4,4,4,5,4,4,5,5,5,4,4,5,6,5,6,5,6,6,5,200,3,8,8,GOOD,7,6,7,6,6,6,7,718,R_tDGkJxHe6kSryGR
4/9/20 10:23,4/9/20 10:38,0,184.2.71.99,100,891,1,4/9/20 10:38,R_2row40V8Z17WH64,,,,,38.12359619,-78.70950317,anonymous,EN,d9UbV0sj,"Since there was a chance of making the person unable to speak in every treatment option, I considered that too much of a risk in every case. After all, to begin with they had difficulty but at least could speak. The difference in going from difficulty to none is not worth the risk.",1,4,5,1,2,2,0,4,5,3,2,2,5,5,2,2,2,1,4,5,0,3,2,5,4,5,3,1,2,3,4,3,2,1,1,4,4,2,3,2,4,4,3,4,5,1,3,4,3,4,2,2,4,4,5,3,2,2,4,3,4,3,3,3,2,2,4,3,2,4,3,2,3,3,3,2,2,4,3,2,4,2,2,3,2,2,4,4,3,2,4,4,2,3,4,2,63,2,5,1,7,1,1,1,1,3,3,99000,physics and physiology,22,self employed on Turk these days,1,1,0,1,4,7,1,7,3,8,5,5,5,8,1,8,2,2,4,2,1,1,1,2,1,1,5,3,1,4,3,2,4,4,3,4,2,3,2,2,4,3,2,4,4,4,3,4,1,1,4,4,2,4,5,5,6,6,6,6,6,6,0.25,30,20,0.3,Last page of questions has two options that don't really make sense as disagree or disagree (words or numbers),6,2,2,6,2,6,6,593,R_2row40V8Z17WH64
4/9/20 10:20,4/9/20 10:39,0,67.166.140.47,100,1170,1,4/9/20 10:39,R_3fOBwRnIzHyJP00,,,,,38.58790588,-121.405304,anonymous,EN,900EOHk1,I was making decisions based on how much it cured more and if it was worth getting the treatment.,1,4,4,0,4,5,0,1,3,2,3,4,4,4,3,4,0,1,3,4,1,4,4,5,3,4,1,4,5,3,0,2,4,4,1,2,5,1,2,4,4,4,2,4,4,1,4,3,4,2,5,2,4,4,4,1,1,1,2,5,2,2,4,2,2,5,4,4,5,5,5,4,4,4,4,2,5,3,2,1,2,4,1,1,2,5,4,4,4,5,2,1,4,5,2,2,39,4,2,11,11,1,2,1,2,3,2,"27,000",Early Childhood Education,14,"healthcare, office assistant",1,0,0,1,6,1,1,6,1,4,3,6,2,5,1,5,4,6,4,3,1,2,1,1,1,3,2,1,3,3,3,1,3,2,3,4,1,2,3,1,3,4,3,3,4,3,4,3,1,3,2,4,4,2,1,1,1,1,4,3,4,5,15,23,10,35,"The second part of the experiment didn't load on chrome so, I had to open it on another browser for the second part of the experiment to load fully.",7,1,2,6,1,6,6,542,R_3fOBwRnIzHyJP00
4/9/20 10:30,4/9/20 10:41,0,24.18.161.22,100,657,1,4/9/20 10:41,R_3PAi0NdiehuyLmN,,,,,47.5579071,-122.1632996,anonymous,EN,y6m1AOsD,I based it on what percent of the box was blue and if it was worth it.,1,4,5,2,3,3,0,5,4,3,3,2,5,5,3,5,0,1,5,5,3,4,3,5,5,4,4,0,3,3,2,5,4,0,1,5,5,2,4,3,2,5,1,5,4,2,2,5,1,5,2,1,4,2,3,1,1,1,5,3,2,5,1,5,2,4,5,5,2,4,3,2,5,1,4,5,1,5,5,2,4,1,1,4,3,4,5,5,1,3,5,4,1,1,4,2,63,2,2,11,11,1,1,1,1,1,3,55000,none,12,full time- real estate agent,1,1,0,1,7,3,1,6,3,7,4,7,6,4,1,6,4,4,7,2,1,2,1,1,2,2,5,3,1,3,2,3,4,5,3,4,2,2,1,3,2,3,1,3,4,4,5,3,1,2,3,3,2,4,2,4,4,5,4,5,4,4,25,30,20,20,everything worked,7,1,1,7,1,7,7,603,R_3PAi0NdiehuyLmN
4/9/20 10:30,4/9/20 10:43,0,107.11.182.13,100,802,1,4/9/20 10:43,R_3egcazKEjXObzFG,,,,,40.27380371,-81.86620331,anonymous,EN,CUyB01Th,"I was trying to make it so that the reward was worth the risk, to me. I wanted to be sure there was much less a chance of making things worse.",1,5,5,1,2,5,0,4,5,1,2,5,5,5,1,5,0,1,5,4,2,3,5,5,5,5,1,0,5,2,4,2,3,1,1,4,5,2,1,2,5,5,2,1,5,2,4,5,4,4,2,5,5,4,4,5,2,1,1,2,4,2,2,1,1,2,5,4,5,4,2,2,5,4,4,2,4,5,1,1,4,1,2,1,1,1,5,5,4,2,3,2,4,4,4,2,44,2,3,1,4,2,3,3,5,6,3,69900,Business,16,Full time Marketing Exec.,1,0,0,1,4,6,1,5,6,8,8,4,5,7,1,8,3,1,6,2,1,1,1,1,1,3,5,1,1,1,3,1,4,5,3,5,1,3,1,2,5,4,1,3,5,5,5,5,1,3,4,5,5,4,2,5,6,6,6,6,1,6,33,30,20,25,Everything was easy to understand and worked fine.,7,1,2,7,1,7,6,643,R_3egcazKEjXObzFG
4/9/20 10:31,4/9/20 10:44,0,96.57.65.98,100,797,1,4/9/20 10:44,R_3RrMTUFwtrpkCaF,,,,,40.82749939,-73.12249756,anonymous,EN,XNHqndg3,"I wanted the ""Cure"" ( blue ) bar to be at least equal to the orange one. Preferably longer.",1,5,5,3,3,3,0,5,5,4,3,3,4,5,3,3,1,1,5,5,3,3,3,5,5,5,4,4,3,5,0,3,3,4,1,4,4,1,4,3,4,5,1,4,4,2,4,4,4,5,5,2,5,3,4,4,3,1,4,1,2,1,2,4,1,3,4,4,1,4,3,3,5,3,4,4,4,5,4,1,2,3,1,4,1,2,4,5,2,1,4,2,2,3,5,1,38,2,3,1,1,2,2,1,1,1,3,50000,Psychology,16,Full time - Warehouse Manager,3,0,0,4,4,7,4,4,4,5,6,7,6,6,1,8,5,7,6,2,1,2,1,2,2,4,4,1,1,4,4,4,4,4,2,4,1,3,1,2,4,2,1,4,4,3,4,4,1,2,4,4,1,4,5,5,5,5,5,5,5,5,25,30,20,50,All worked fine. Thank You !,7,1,1,7,1,7,7,618,R_3RrMTUFwtrpkCaF
4/9/20 10:34,4/9/20 10:46,0,70.185.107.87,100,751,1,4/9/20 10:46,R_3HZBPEQumuc2usI,,,,,29.61380005,-82.38600159,anonymous,EN,tdDTyNLl,If it did not look like it had the possibility of getting a lot worse I would selection that option. ,1,4,4,3,3,4,1,4,4,3,3,4,5,4,3,4,2,1,4,4,3,3,4,5,5,4,3,2,3,4,3,3,3,3,1,2,5,1,4,3,3,4,1,4,3,2,1,4,1,3,4,1,4,2,3,2,1,1,4,2,2,4,1,4,3,4,5,5,2,3,3,1,4,1,3,3,2,4,4,3,2,1,1,2,3,2,5,5,1,2,3,4,2,2,3,2,38,2,3,1,1,2,2,2,5,6,3,110000,Business Administration,16,Full time- Education- Teacher,3,0,0,3,5,4,3,5,3,4,4,3,3,5,1,4,3,3,4,1,1,1,1,1,1,3,4,4,2,3,3,3,4,4,2,5,3,4,2,3,3,2,1,3,4,4,4,3,1,2,4,3,2,4,2,2,2,3,3,3,3,3,25,60,15,50,No problems.,7,1,1,7,1,7,7,569,R_3HZBPEQumuc2usI
4/9/20 10:39,4/9/20 10:47,0,172.223.180.236,100,476,1,4/9/20 10:47,R_2anqGwzMTjbzyNj,,,,,35.87620544,-84.17459869,anonymous,EN,Ak80ZHjE,if the good outweighed the bad,1,5,5,0,2,0,0,5,5,4,0,0,5,5,1,4,0,1,5,5,1,2,0,5,5,3,1,1,0,4,5,1,0,0,1,1,4,2,2,1,1,4,2,3,5,2,3,4,3,5,5,1,4,2,5,1,2,2,2,1,3,2,1,1,1,5,4,4,4,5,4,2,5,3,5,3,3,4,2,1,1,1,2,2,1,4,4,5,3,1,3,2,2,3,5,2,34,2,3,1,7,1,1,1,1,1,3,49000,IT,16,IT Manager,1,1,0,1,5,5,2,7,1,6,3,4,5,8,1,7,2,3,3,3,2,2,2,3,2,4,5,1,1,4,3,1,4,5,3,4,1,2,1,2,5,3,1,3,5,4,5,5,1,3,4,5,3,4,4,6,6,6,5,6,5,5,25,30,20,25,,7,1,1,7,1,7,7,579,R_2anqGwzMTjbzyNj
4/9/20 10:38,4/9/20 10:48,0,170.76.184.94,100,582,1,4/9/20 10:48,R_XoZM0N9PhAyuG9H,,,,,30.55580139,-100.6306992,anonymous,EN,OJ9RxLQ8,"I simply gauged if benefit outweighed the risk. So if it was much more likely to assist, it was a solid thing to try.",1,4,5,1,1,0,0,4,5,1,1,0,4,5,1,4,0,1,5,5,3,2,0,5,5,4,0,0,0,4,5,3,4,0,1,5,5,1,5,1,4,5,1,5,5,1,1,5,1,5,2,1,4,1,4,4,1,1,5,1,1,5,1,5,1,1,5,5,1,4,1,1,5,1,4,5,1,5,5,1,5,1,1,5,3,1,5,5,1,1,5,4,1,1,5,1,31,2,2,8,11,1,1,1,1,1,1,43000,NA,12,Service and Management,3,1,0,1,1,7,4,4,1,8,4,8,3,8,1,8,3,3,8,2,1,1,1,1,1,3,5,1,1,3,1,2,5,5,1,5,2,5,1,1,3,1,1,5,5,5,5,3,1,1,5,3,1,5,3,5,5,6,6,6,1,6,25,30,20,50,It was all fine. All smooth.,7,1,1,7,1,7,7,602,R_XoZM0N9PhAyuG9H
4/9/20 10:25,4/9/20 10:49,0,66.30.160.27,100,1431,1,4/9/20 10:49,R_2Pk8WoLRBnzXZnm,,,,,42.03359985,-70.94950104,anonymous,EN,qf27dbHj,"I mostly went with my gut, except for the few extreme cases. When the alternative is no improvement, practically any chance of improvement is preferable, in my opinion.",1,3,3,1,2,0,0,3,4,2,1,0,3,4,1,3,0,1,3,4,1,0,0,5,4,3,1,1,0,0,4,1,3,0,1,4,2,2,5,2,4,4,3,4,4,3,4,4,2,5,3,3,4,3,3,4,1,2,4,4,3,3,3,5,3,3,2,3,2,4,1,3,5,1,4,4,3,4,5,2,3,3,2,4,5,2,2,4,2,3,2,2,3,1,4,1,34,2,3,1,8,1,1,1,1,1,1,58000,Liberal Studies,16,"project manager, tech",1,0,0,1,7,2,1,7,6,8,5,5,4,4,1,4,1,1,5,2,2,1,2,2,1,2,2,3,4,2,1,4,3,2,2,4,4,5,4,3,2,1,4,5,2,2,2,4,1,1,2,2,1,2,5,6,5,6,5,5,4,5,25,30,20,50,,6,1,1,7,1,6,6,495,R_2Pk8WoLRBnzXZnm
4/9/20 10:29,4/9/20 10:49,0,67.162.200.58,100,1220,1,4/9/20 10:49,R_20OirnERVb2NrfV,,,,,34.79020691,-92.50440216,anonymous,EN,Ly8mJkxP,"I tried to only select the ones with more blue (cure) than orange, or if there wasn't very much blue and too much orange, I'd go with no treatment.  ",1,3,5,2,2,1,0,5,4,2,1,1,3,5,2,2,0,1,4,5,3,3,1,4,2,3,3,0,0,2,2,2,1,2,1,5,5,2,5,1,2,5,1,4,5,2,2,4,1,4,2,1,4,3,5,3,2,2,4,1,2,4,2,4,2,2,4,4,2,4,2,2,4,2,3,3,2,5,2,1,5,2,1,2,1,1,4,4,2,1,3,4,2,2,4,2,52,2,2,1,8,1,1,1,1,1,3,48000,Computer Science,15,Unemployed currently,1,0,0,1,7,3,2,6,1,7,3,4,3,8,1,8,3,5,5,1,1,2,2,2,1,3,2,2,1,4,2,2,4,5,1,5,2,5,2,2,3,2,2,4,4,4,5,4,1,1,4,3,1,3,4,4,4,4,6,2,6,6,20,30,40,50,It worked great.  Thank you. ,7,1,1,7,1,7,7,566,R_20OirnERVb2NrfV
4/9/20 10:30,4/9/20 10:54,0,71.76.243.180,100,1436,1,4/9/20 10:54,R_3j6Wh1Ij1UKZmdG,,,,,35.87260437,-80.09290314,anonymous,EN,esSkjqdS,"I decided primarily based on how many people were helped. If it was disproportionate in the amount of people that the treatment hurt, then I chose no treatment. Otherwise, I typically chose the treatment option.",1,5,5,0,1,1,0,4,4,1,1,1,5,5,1,2,0,1,5,5,1,3,2,5,5,2,2,0,2,4,4,2,1,0,1,4,5,1,5,1,2,5,1,5,5,1,1,5,1,5,3,1,4,1,5,1,1,1,5,1,1,5,1,5,1,2,5,5,1,5,2,1,5,1,5,5,1,5,4,1,4,1,1,5,1,3,5,5,1,1,5,4,1,1,5,1,29,2,3,1,7,1,2,2,4,3,1,55000,Information Technology,16,"Media, Art Director",1,1,0,1,7,1,1,7,2,8,4,4,5,8,1,7,3,2,5,2,1,1,1,2,1,3,5,1,1,2,1,2,4,5,2,5,1,2,2,1,5,2,1,5,5,3,5,5,1,1,4,4,1,5,4,5,5,6,5,6,2,6,0.25,30,24,95,Everything was very intuitive and easy to understand. This was a fascinating study.,7,1,1,7,1,7,7,584,R_3j6Wh1Ij1UKZmdG
4/9/20 10:47,4/9/20 10:55,0,108.53.56.59,100,536,1,4/9/20 10:55,R_xrBEQxEEz3JW4x3,,,,,40.84919739,-73.97350311,anonymous,EN,7HFUqvKS,"If there was a better chance of curing the problem than making it worse, I figured it was worth it to go ahead with the treatment option.",1,3,3,0,1,2,0,4,4,3,1,1,4,4,3,1,0,1,2,3,0,3,1,5,5,3,3,2,2,1,2,1,1,3,1,2,1,3,5,4,5,3,4,4,4,2,5,3,1,2,4,5,3,2,2,5,4,3,5,3,2,1,3,5,3,2,2,3,1,2,1,5,4,1,1,3,3,3,4,4,2,5,2,5,4,1,3,4,1,4,3,2,3,2,2,1,39,4,3,7,7,1,1,1,1,1,2,55000,English,16,Education - Director,3,0,0,1,3,7,1,6,3,7,2,8,7,3,1,2,1,1,3,2,2,2,2,2,1,1,1,5,5,2,1,4,1,2,2,1,3,5,5,5,2,2,5,5,2,2,1,1,1,1,1,2,1,1,6,6,6,6,5,4,3,6,25,30,20,20,All good,7,1,1,7,1,7,7,477,R_xrBEQxEEz3JW4x3
4/9/20 10:45,4/9/20 10:57,0,173.187.7.228,100,721,1,4/9/20 10:57,R_1IsIhRVeGk3hIaN,,,,,34.980896,-80.06960297,anonymous,EN,PiGCo5DO,It had to be a situation where there was a high chance for a cure and a very low chance that situation would worsen.  It was all about risk versus reward.,1,5,3,2,2,5,0,5,4,4,2,4,5,4,5,3,5,1,4,3,2,3,4,5,5,3,3,3,4,0,1,2,0,3,1,4,4,2,3,2,4,4,1,4,4,2,5,4,4,4,2,2,4,5,5,4,4,1,3,2,1,1,2,3,1,2,4,4,4,5,2,4,4,4,5,4,5,4,3,2,4,3,2,2,1,1,3,5,4,2,4,1,2,4,4,1,45,2,2,1,1,2,3,2,4,4,2,34500,Business,13,Senior POS Technician (IT / Technical Support),3,1,0,5,1,7,5,1,5,8,8,2,3,5,1,5,3,2,5,2,1,2,1,1,1,5,4,2,2,4,2,2,4,5,2,4,2,2,1,3,4,3,2,4,4,4,4,4,1,2,4,4,2,4,5,5,5,6,4,4,3,4,20,30,22,50,"There was an issue with the questions about preferring words versus numbers.  For a couple of those questions, the options were ""helpful"" versus ""not helpful"" so I could not answer those with certainty based on the scale provided.  Feel free to reach out if you want clarification or need any further data.  I understood everything else and the HIT was well-designed overall.  Thanks for the HIT!  I did my best and hope the data is useful!",7,1,1,7,1,7,7,603,R_1IsIhRVeGk3hIaN
4/9/20 10:58,4/9/20 11:05,0,199.115.98.146,100,400,1,4/9/20 11:05,R_12yUR8AGNxMHUgP,,,,,39.75010681,-104.995697,anonymous,EN,1fV9eonR,i followed my mind,1,3,4,3,3,3,2,1,2,2,3,1,2,3,3,3,2,1,3,3,2,3,4,3,2,3,4,3,4,4,4,3,4,4,1,4,3,2,3,4,3,3,2,2,2,4,3,2,2,3,3,2,3,2,3,4,4,3,2,3,3,3,3,2,4,3,2,3,2,3,3,3,4,3,3,2,4,3,3,2,4,3,3,2,3,3,4,3,2,3,3,4,3,3,4,1,25,2,3,1,1,3,3,5,5,5,1,67000,computer science,16,customer care agent,1,0,0,3,6,5,4,3,6,6,5,5,6,5,1,5,6,5,5,1,1,1,1,1,1,3,4,3,3,4,4,4,3,4,4,4,4,5,4,4,3,3,4,4,3,4,4,3,1,3,3,2,3,4,5,4,3,4,4,4,3,4,5,25,5,5,,5,1,1,7,1,6,7,566,R_12yUR8AGNxMHUgP
4/9/20 11:01,4/9/20 11:11,0,174.56.194.19,100,598,1,4/9/20 11:11,R_u4Z2FvvykkVjMpH,,,,,33.52560425,-81.93689728,anonymous,EN,S1Darscu,very excellent,1,5,4,3,4,5,4,3,4,5,4,3,4,5,4,3,5,1,5,4,3,5,4,3,4,5,4,3,4,5,4,3,4,5,1,5,4,5,4,5,4,5,4,5,4,5,4,5,4,5,4,5,4,5,4,5,4,5,4,5,4,5,4,5,5,5,4,5,4,5,4,5,4,5,4,5,4,5,4,5,4,5,4,5,4,5,4,5,4,5,4,5,4,5,4,1,39,1,4,1,1,4,4,6,6,5,3,49000,Master degree,16,Finance,2,0,0,7,5,7,7,7,8,7,6,8,7,8,1,7,6,8,7,1,1,1,1,1,1,5,4,5,4,5,4,5,4,5,4,5,4,5,4,5,4,5,4,5,4,4,5,4,1,5,4,5,4,5,6,5,6,5,6,5,4,5,500,10,7,6,very excellent,7,1,5,6,2,6,7,682,R_u4Z2FvvykkVjMpH
4/9/20 10:58,4/9/20 11:12,0,73.236.40.189,100,818,1,4/9/20 11:12,R_2dF1O0ayHs0Hkty,,,,,40.99580383,-80.32640076,anonymous,EN,9fV7rZQL,tried to maximize benefits without taking undo risks,1,4,4,3,3,4,1,4,5,4,3,4,5,5,4,5,4,1,4,5,4,2,5,5,3,4,3,1,2,5,1,4,3,4,1,4,4,1,5,2,2,5,1,5,5,2,1,5,1,4,2,1,4,1,5,3,1,1,4,1,2,4,1,5,2,2,4,4,1,5,2,1,5,1,4,4,1,5,4,2,4,1,1,4,1,2,5,5,1,2,5,5,1,1,4,1,60,2,2,1,1,1,2,1,5,3,3,48000,Humanities,15,food-manager,1,1,1,1,6,4,1,6,1,6,6,2,1,8,1,8,7,6,7,1,1,2,1,1,1,2,4,1,1,4,1,1,5,5,3,5,1,4,2,1,4,3,1,5,4,5,4,5,1,1,5,5,1,5,5,5,5,5,6,6,6,6,25,30,23,50,no,7,1,1,7,1,7,7,625,R_2dF1O0ayHs0Hkty
4/9/20 11:00,4/9/20 11:14,0,69.181.223.187,100,857,1,4/9/20 11:14,R_YSbbyi71of8XVu1,,,,,37.77999878,-122.4649963,anonymous,EN,DVH0CHWa,"I looked to see if there was a greater cure vs worsening, and if there wasn't I opted for neutral",1,3,5,2,4,3,0,3,5,2,3,3,3,5,1,4,0,1,2,5,4,3,3,5,2,5,3,4,2,1,0,1,4,0,1,4,3,1,4,2,4,5,1,4,5,4,4,5,2,4,4,2,5,4,4,4,4,1,4,1,2,5,2,5,2,3,4,5,5,4,1,2,4,2,4,4,4,5,4,2,4,2,1,2,2,1,4,5,2,1,4,2,2,2,4,1,41,2,3,1,8,1,1,1,1,4,2,115000,finance,16,"Finance, planning and analysis - Business analyst",2,0,1,6,1,4,6,2,3,8,7,4,5,1,1,6,4,2,6,1,1,1,1,1,1,2,2,1,4,2,1,4,4,4,2,4,5,4,2,5,2,4,3,5,2,4,2,2,1,1,4,2,1,4,6,6,6,6,5,6,5,6,25,30,20,80,I think everything went smoothly,6,1,2,6,1,6,6,583,R_YSbbyi71of8XVu1
4/9/20 10:54,4/9/20 11:14,0,47.31.113.251,100,1205,1,4/9/20 11:14,R_31RbTBEFaw674j2,,,,,28.65040588,77.23721313,anonymous,EN,JDklvCJX,"If the risk was quite less and chances of recovery were good, I would select it. Otherwise not.",1,4,3,0,0,1,0,2,4,1,0,1,3,3,1,2,0,1,3,3,3,0,2,4,2,3,1,3,1,2,4,3,3,3,1,1,3,4,2,2,1,2,4,3,4,3,1,2,3,4,4,2,3,4,5,1,1,3,1,1,4,4,4,3,2,4,4,3,4,5,5,3,3,4,5,2,4,2,3,2,2,4,4,3,1,4,3,3,4,1,2,3,4,2,4,1,27,4,3,6,6,2,3,1,2,3,1,3000,electronics,16,"self employed, freelancing",3,1,0,3,2,5,3,5,1,7,4,2,6,6,1,5,3,1,3,1,2,1,2,2,2,4,4,3,3,2,4,2,3,4,3,4,2,3,2,4,3,4,2,1,3,4,3,4,1,3,3,4,3,4,4,4,4,5,4,5,3,4,25,30,20,80,,7,1,1,7,1,7,7,521,R_31RbTBEFaw674j2
4/9/20 10:55,4/9/20 11:15,0,157.50.75.215,100,1225,1,4/9/20 11:15,R_3lWEVGOaMhdJHQm,,,,,13.08599854,80.27508545,anonymous,EN,ob8sgPnT,good,1,4,4,5,4,4,3,4,4,4,3,4,4,4,3,4,4,1,4,3,4,4,4,4,3,4,4,4,3,4,4,3,4,4,1,4,5,4,3,4,4,3,4,4,4,4,3,4,4,4,4,3,4,4,4,4,4,3,4,4,3,4,4,3,4,4,4,3,4,4,3,4,3,3,4,4,3,4,3,4,4,3,4,4,3,4,4,4,3,4,4,3,4,4,3,2,33,4,3,6,6,2,2,1,3,4,3,2000,physics,15,manager,3,0,1,6,6,6,6,6,7,7,7,6,6,6,1,6,7,6,7,3,3,2,1,1,2,4,4,3,4,4,4,3,4,3,4,4,3,4,4,4,3,4,3,4,3,4,3,3,1,4,3,3,4,4,5,5,5,5,5,5,4,5,90,25,6,75,good experience,6,5,6,5,6,6,5,651,R_3lWEVGOaMhdJHQm
4/9/20 11:02,4/9/20 11:16,0,104.162.255.40,100,842,1,4/9/20 11:16,R_3oBWK5dpgRRe7Ke,,,,,40.6914978,-73.853302,anonymous,EN,yCZDIVJF,"The option that was equaled in options like equally shared between outcomes and also avoided a large portion defined by ""cure""",1,3,3,2,4,3,0,3,2,4,1,3,2,5,4,4,0,1,3,3,3,4,4,5,5,4,4,0,3,2,0,2,3,3,1,2,4,1,5,1,2,5,1,4,5,1,2,5,1,4,5,2,5,4,5,2,1,1,5,1,1,4,1,5,1,5,4,5,2,5,2,1,5,2,5,4,4,5,5,1,2,2,1,4,1,4,5,5,1,1,4,4,1,1,5,2,33,3,3,1,11,1,2,1,1,1,1,55000,IT,16,Web developer,2,0,0,5,2,6,5,2,1,8,8,4,4,1,1,6,4,5,4,2,3,3,3,1,2,3,3,2,4,2,2,4,4,2,1,3,2,4,4,3,3,1,4,4,3,3,3,4,1,1,3,3,1,3,4,5,6,6,4,4,6,5,30,25,10,20,Everything worked great no issues,7,1,1,7,1,7,7,585,R_3oBWK5dpgRRe7Ke
4/9/20 11:00,4/9/20 11:20,0,216.163.1.233,100,1219,1,4/9/20 11:20,R_2QEZr7QS0Yfbbma,,,,,35.92739868,-89.91889954,anonymous,EN,OcLXDFW8,"At first I assumed that any treatment would be better than no treatment, but then i decided no treatment would be better than making it worse, then I changed my mind back again, i didn't have a lot of time t think about this beforehand, so probably looks all over the place.",1,5,5,0,0,0,0,5,5,1,0,0,5,5,0,5,0,1,5,5,2,0,0,5,4,5,3,5,0,5,5,0,0,0,1,1,4,1,3,1,1,3,2,5,5,3,5,4,1,4,4,2,5,3,5,1,2,1,5,2,3,4,2,3,1,5,2,4,3,5,5,4,5,2,5,2,2,3,4,1,1,3,1,3,1,5,2,5,2,1,3,4,4,1,4,1,35,2,2,1,8,1,1,1,1,4,1,5000,fine arts,15,freelance,1,0,0,1,7,1,1,7,0,8,2,1,2,8,1,6,0,0,3,1,1,1,1,3,1,5,4,2,2,4,4,1,5,4,3,5,1,3,2,2,4,5,2,3,4,5,3,4,1,3,4,5,3,4,1,1,1,2,6,4,4,5,20,30,9,4,,7,1,1,7,1,7,7,514,R_2QEZr7QS0Yfbbma
4/9/20 11:10,4/9/20 11:22,0,157.51.214.24,100,745,1,4/9/20 11:22,R_3j7J8eb86bP2RlC,,,,,13.08599854,80.27508545,anonymous,EN,0DeJj31H,easy to memory and perform,1,3,4,3,4,2,4,3,4,2,3,4,3,3,4,2,3,1,3,2,4,5,3,4,3,4,3,4,5,3,4,3,4,3,1,5,4,3,4,5,3,4,5,3,3,4,5,4,3,2,3,4,5,3,4,5,4,3,4,5,3,4,3,4,5,4,3,5,2,3,4,3,2,1,3,4,5,3,4,2,3,4,1,2,3,4,5,3,4,4,3,2,1,3,4,1,29,4,4,6,6,2,2,3,3,5,3,25000,Computer,19,software,2,0,1,4,5,4,5,6,6,7,5,6,7,5,1,6,5,6,5,2,3,3,2,3,1,3,4,3,4,3,4,3,3,4,3,4,3,4,3,4,3,5,4,3,4,3,4,3,1,3,4,3,4,3,4,5,4,4,4,5,4,5,100,20,36,15,very knowledgeable one,7,1,2,7,1,6,7,604,R_3j7J8eb86bP2RlC
4/9/20 11:12,4/9/20 11:24,0,173.27.197.177,100,757,1,4/9/20 11:24,R_2q7CpTMtba0taZw,,,,,41.6381073,-93.62030029,anonymous,EN,sc0GzfQg,ratio of success verse failure verse no action,1,1,1,1,1,0,0,1,2,1,0,3,1,4,1,1,0,1,2,2,1,2,2,2,3,2,2,1,2,0,2,2,2,2,1,1,1,4,3,2,4,3,4,4,4,3,2,3,3,4,4,4,3,3,5,3,2,2,2,3,3,4,3,2,3,3,3,3,4,4,3,2,3,3,4,4,3,2,2,3,4,3,3,2,2,3,3,3,4,3,2,2,3,3,4,1,30,2,3,8,11,1,1,1,1,1,1,50000,economics,16,"analyst, finance ",3,0,0,2,5,7,3,5,4,4,4,1,1,1,1,4,5,5,4,2,2,2,2,2,2,3,1,2,5,5,3,5,2,3,2,3,2,3,4,3,2,3,2,3,2,3,3,2,1,3,4,3,3,2,3,4,4,4,4,3,4,5,40,25,25,12,nothing,7,1,1,7,1,7,7,498,R_2q7CpTMtba0taZw
4/9/20 11:13,4/9/20 11:27,0,108.28.198.174,100,832,1,4/9/20 11:27,R_UWuEhBqoW6BF12F,,,,,38.77409363,-77.2385025,anonymous,EN,DKC9xIiL,"If there was a significant negative effect of the treatment, I chose no treatment. It is better to not negatively affect a person",1,3,3,2,2,1,0,2,3,2,2,1,3,2,2,1,1,1,2,2,2,2,2,2,0,3,2,1,1,2,1,2,3,2,1,4,4,2,4,3,2,3,2,5,5,2,2,4,2,5,2,4,4,3,5,2,2,2,4,2,2,4,2,4,2,2,3,3,2,5,2,2,4,3,4,2,2,4,4,2,2,2,2,2,2,2,3,3,2,2,4,4,2,2,5,2,32,4,3,1,1,3,3,5,6,6,1,48000,graphic design,16,graphic designer,3,1,0,2,2,3,3,5,2,4,4,4,4,4,1,4,3,3,4,2,2,2,2,2,1,2,4,2,3,4,2,2,4,4,4,4,2,4,3,2,4,4,2,4,3,4,4,4,1,2,3,4,2,4,2,2,2,4,5,1,5,5,30,30,20,20,none,7,1,2,1,1,7,7,528,R_UWuEhBqoW6BF12F
4/9/20 11:19,4/9/20 11:27,0,171.49.195.226,100,463,1,4/9/20 11:27,R_6eXVP7iEA8qwkz7,,,,,13.08599854,80.27508545,anonymous,EN,57GPgW07,very confident,1,5,4,5,4,5,4,5,4,5,4,5,4,5,4,5,4,1,5,4,5,4,5,4,4,5,5,4,5,4,5,4,5,4,1,5,4,5,4,5,4,5,4,5,5,4,5,4,5,4,4,5,5,5,4,4,4,5,4,5,5,4,5,4,5,4,5,5,4,5,4,5,4,4,5,5,4,5,5,4,5,5,4,5,4,5,4,5,4,5,4,5,4,5,4,1,26,4,4,1,1,4,4,5,5,5,3,600000,m.b.a,12,full time,2,0,1,7,6,5,7,7,8,7,8,7,8,7,1,7,8,7,8,2,2,2,1,3,1,4,5,5,4,5,4,5,4,5,4,5,4,5,4,5,4,5,4,5,4,5,4,5,1,5,5,5,4,5,6,6,5,6,6,5,6,5,500,4,50,20,no thanks,7,6,7,6,7,6,7,721,R_6eXVP7iEA8qwkz7
4/9/20 11:22,4/9/20 11:30,0,96.44.7.130,100,455,1,4/9/20 11:30,R_1BWwEM8I1yeyCfc,,,,,39.99139404,-83.00340271,anonymous,EN,ZSWumv5N,"I wanted minimal risk of the function worsening. However, there needed to be adequate chance for it to better as well.",1,4,4,1,3,4,0,4,5,4,3,4,5,5,3,4,0,1,3,5,1,4,5,5,4,5,3,1,5,0,0,2,4,1,1,1,5,2,5,4,2,5,3,4,5,4,2,5,2,3,5,1,5,4,2,1,1,4,4,3,3,5,3,4,4,5,4,4,4,2,4,1,5,1,4,2,1,5,4,2,2,1,1,4,5,3,5,4,1,4,1,4,1,2,3,1,21,2,2,1,1,2,1,3,2,1,2,20000,Computer Science,14,Software Engineer,2,0,0,5,2,5,6,2,8,5,7,4,4,2,1,4,2,3,4,1,2,2,2,1,2,4,4,2,2,2,2,2,5,3,2,4,3,4,2,1,2,2,2,4,3,5,5,2,1,1,4,1,1,5,5,6,6,6,6,6,4,6,25,30,20,80,No issues.,7,1,1,7,1,7,7,555,R_1BWwEM8I1yeyCfc
4/9/20 11:00,4/9/20 11:46,0,173.248.135.26,100,2788,1,4/9/20 11:46,R_25YeUtjA7nSFWAz,,,,,37.75100708,-97.8219986,anonymous,EN,UY1nGDdk,I using the treatment strategy ,1,3,2,3,2,3,4,4,3,4,3,4,3,4,3,3,4,1,4,3,4,3,4,3,4,3,4,5,3,4,3,4,3,4,1,3,4,4,3,4,3,4,3,4,4,5,4,3,4,5,4,3,4,4,3,4,5,4,3,4,5,4,4,3,4,5,4,3,4,3,4,4,3,4,5,4,3,4,5,3,4,5,4,3,4,5,4,3,4,4,5,3,4,5,4,1,29,2,3,1,1,2,2,3,3,3,3,30000,Accountancy,18,Full Employment ,1,1,1,2,7,5,2,6,7,6,5,7,6,7,1,7,8,7,5,2,1,3,2,1,3,4,3,3,4,5,4,4,3,3,4,3,4,4,3,4,3,4,3,5,3,4,3,4,3,4,5,3,4,5,4,5,4,5,5,4,5,4,400,30,20,0.5,This experiment was very well and interesting. Thank you.,7,1,1,7,1,7,7,604,R_25YeUtjA7nSFWAz
4/9/20 11:35,4/9/20 12:04,0,104.244.148.51,100,1706,1,4/9/20 12:04,R_1gBc5fi291J1cxF,,,,,32.14430237,-85.71489716,anonymous,EN,f4rE7dqe,My decisions were based on whether or not the treatment would cure the patient or worsen the condition.,1,1,2,0,2,4,0,1,3,1,3,4,4,4,2,4,5,1,4,5,0,3,5,5,5,5,0,5,5,1,0,4,0,4,1,1,2,1,4,4,2,5,2,4,5,1,5,4,2,2,4,4,2,1,2,1,1,2,4,4,4,2,4,4,2,4,5,4,1,2,4,2,4,2,4,4,5,4,5,1,1,2,2,2,5,4,5,5,2,5,2,1,4,2,4,2,40,1,2,3,3,3,2,1,6,2,1,69999,n/a,12,n/a,3,0,0,1,1,7,1,1,1,4,4,2,1,6,1,4,4,4,4,1,1,1,1,1,1,4,4,2,3,2,1,4,2,3,1,2,5,4,3,5,1,2,2,4,3,4,2,2,1,1,1,2,2,1,1,5,5,5,5,5,4,5,40,15,33,2,The experiment ran smoothly.,6,2,2,6,3,6,5,492,R_1gBc5fi291J1cxF
4/9/20 11:58,4/9/20 12:14,0,72.187.30.164,100,938,1,4/9/20 12:14,R_21uCTQZ6n4HOkv5,,,,,28.07679749,-82.44599915,anonymous,EN,Ij0t1xEf,"I mostly chose to assign the treatment if the chances of worsening the condition were very low, or if the chances of curing it were high, or both.",1,1,3,0,0,0,0,1,3,2,0,0,3,5,1,4,0,1,0,5,2,2,0,5,4,5,1,2,0,5,2,1,1,0,1,1,1,2,2,4,5,4,1,2,4,2,5,5,2,4,5,4,5,4,2,4,1,1,4,1,2,4,1,5,2,4,3,5,2,3,2,1,5,1,5,4,2,5,4,2,1,4,1,2,5,1,4,5,1,1,3,2,1,2,4,1,39,2,2,1,8,1,1,1,1,1,3,42000,NA,12,customer service representative,1,0,0,1,7,4,1,7,4,5,7,6,3,3,1,3,1,1,2,2,1,1,1,2,1,2,1,4,4,1,1,4,2,2,1,2,3,5,4,5,1,1,4,5,1,2,1,2,1,1,1,2,1,1,4,5,5,6,3,5,5,5,25,30,20,20,"No issues, all good.",7,1,1,7,1,7,7,503,R_21uCTQZ6n4HOkv5
4/9/20 11:43,4/9/20 12:20,0,64.44.80.100,100,2226,1,4/9/20 12:20,R_2uQfaix8VsWGRNy,,,,,39.61239624,-104.8804016,anonymous,EN,NznHUemh,If the orange color is more than the blue I extremely go for the gray,1,3,5,5,5,5,0,4,5,4,0,1,3,5,5,5,4,1,5,5,5,5,5,5,5,5,4,5,4,5,0,2,5,4,1,5,5,1,5,3,4,5,1,5,5,1,1,5,5,5,4,5,5,2,5,5,1,1,5,1,1,5,1,5,3,3,5,5,1,5,1,1,5,1,5,5,3,5,5,1,3,1,1,2,1,3,5,5,1,3,5,5,2,1,5,1,27,2,3,1,1,2,2,3,3,4,2,"70,000",Psychology,17,"Employed Full time -  Human Resources, Associate",2,1,0,5,4,4,4,4,8,8,8,8,8,8,1,8,8,8,8,2,1,1,1,1,2,5,5,3,5,3,4,3,5,5,5,5,5,5,1,3,4,3,1,5,5,5,5,5,1,2,5,4,5,5,5,5,5,5,6,6,6,6,20,30,20,25,"Interesting experiment. Yes, No.",7,1,1,7,1,7,7,710,R_2uQfaix8VsWGRNy
4/9/20 12:15,4/9/20 13:00,0,157.50.246.55,100,2672,1,4/9/20 13:00,R_2rDeaXphVGNOZe0,,,,,13.08599854,80.27508545,anonymous,EN,XPLaqvKf,it was been very well great do this making the task.,1,4,3,5,4,4,5,4,3,4,5,3,5,4,3,2,5,1,4,3,5,4,3,2,4,5,4,3,4,5,4,3,5,4,1,3,4,4,5,5,4,3,5,4,5,3,4,3,5,4,5,4,5,3,4,3,4,5,5,4,5,3,5,4,4,3,4,5,4,5,4,4,5,4,3,4,4,5,5,3,4,4,5,5,3,4,3,5,3,5,5,4,3,4,5,1,31,4,3,1,1,3,3,4,5,5,3,"$20,000 ",BA,16,IT and customer service executive,1,0,1,3,6,7,4,7,6,7,5,6,4,6,1,7,8,6,5,2,3,1,2,2,3,4,5,4,3,5,4,3,4,5,4,3,4,5,5,4,2,3,4,5,4,4,5,3,1,4,5,4,2,3,5,6,4,6,5,5,4,6,25,30,20,0.5,it has been really good learning and well experience study.,6,7,6,5,6,4,7,646,R_2rDeaXphVGNOZe0
4/9/20 12:58,4/9/20 13:23,0,45.4.196.115,100,1489,1,4/9/20 13:23,R_1JIJTFjGlX8So4u,,,,,40.75030518,-74.00140381,anonymous,EN,3sT9yQQk,GOOD,1,4,3,4,5,4,3,4,4,3,4,5,4,3,4,4,3,1,4,5,4,4,5,4,3,4,4,5,4,3,4,4,4,4,1,4,5,4,4,5,4,4,4,5,4,5,5,4,4,5,4,4,5,4,4,5,4,5,4,5,4,4,5,4,5,4,5,4,4,5,4,4,5,4,5,4,5,4,5,4,4,5,4,5,4,5,4,4,4,4,4,5,4,4,5,1,29,2,4,1,1,2,3,5,5,5,3,75000,Computer Science,14,online worker,1,0,0,5,7,4,4,7,7,6,6,7,7,6,1,7,6,7,5,1,2,2,1,2,2,4,4,3,4,4,3,4,5,4,4,3,4,4,4,5,4,3,4,4,5,4,5,4,1,3,4,4,3,4,5,4,5,5,6,5,4,5,500,25,70,25,good to work ,6,6,7,6,5,6,7,651,R_1JIJTFjGlX8So4u
4/9/20 13:45,4/9/20 14:01,0,74.209.57.141,100,957,1,4/9/20 14:01,R_1InkVLNmynAB2bf,,,,,39.62440491,-84.37640381,anonymous,EN,G8XcnRd8,went with my gut.,1,3,2,4,3,3,2,1,4,4,1,2,3,3,0,2,1,1,4,3,2,3,1,5,5,3,2,3,1,2,4,3,2,1,1,4,3,2,3,2,4,3,1,3,4,2,1,4,3,2,4,3,2,4,3,2,1,4,3,3,1,2,4,3,5,3,2,1,4,3,5,3,2,1,2,5,4,3,2,4,3,2,5,4,3,2,3,1,2,1,5,3,2,4,2,2,46,2,3,1,1,3,3,5,6,5,3,85000,marketing,16,unemployed,2,0,0,6,2,3,7,3,5,4,3,1,3,7,1,5,5,3,4,1,2,3,2,1,2,4,3,2,3,4,3,4,2,3,4,1,2,4,3,5,4,4,2,3,3,4,3,2,1,2,4,3,4,3,4,3,5,3,6,4,3,2,33,25,35,40,,6,5,3,3,4,3,4,533,R_1InkVLNmynAB2bf
4/9/20 13:55,4/9/20 14:02,0,73.195.83.118,100,418,1,4/9/20 14:02,R_2zeZjWqzPd7yBgT,,,,,40.07069397,-74.50689697,anonymous,EN,w[A1UCB0,I only chose to treat if I felt like this odds were highly in favor of improvement.,1,3,4,0,1,0,0,4,4,1,1,1,3,4,1,2,0,1,4,5,0,1,1,5,4,3,3,2,2,3,5,3,2,2,1,2,3,3,2,3,4,3,3,2,4,3,3,3,4,3,4,3,3,4,3,3,4,3,2,2,3,3,3,2,3,4,3,3,4,3,3,4,3,4,4,3,3,3,2,2,3,3,3,2,3,3,2,3,4,3,2,3,4,4,3,3,35,2,2,1,1,1,1,1,2,2,1,10000,Computer Science,14,Information Services Freelancer,1,0,0,1,7,4,1,6,3,5,4,3,4,5,1,5,4,3,4,2,1,1,2,2,1,5,3,4,3,2,3,3,3,3,3,2,3,3,3,3,2,4,3,3,3,4,3,3,1,2,2,3,3,2,4,4,4,5,5,5,4,5,25,30,20,50,Everything worked and I have no other feedback.,7,1,1,7,1,7,7,517,R_2zeZjWqzPd7yBgT